Radius,Escape_Velocity
34775500.0,2.1217708434363043e-05
69551000.0,2.1217708434363043e-05
104326500.0,2.1217284298405256e-05
139102000.0,2.1216907288665002e-05
173877500.0,2.1216483152707216e-05
208653000.0,2.1215906327804628e-05
243428500.0,2.1215222997650415e-05
278204000.0,2.121444397242183e-05
312979500.0,2.1213542683511534e-05
347755000.0,2.1212537324204187e-05
382530500.0,2.121141760527563e-05
417306000.0,2.1210183755216618e-05
452081500.0,2.120884065801696e-05
486857000.0,2.1207385043487277e-05
521632500.0,2.120581833719423e-05
556408000.0,2.1204140643850098e-05
591183500.0,2.1202351320278185e-05
625959000.0,2.1200452247858202e-05
660734500.0,2.1198441529243508e-05
695510000.0,2.119631967456273e-05
730285500.0,2.1194088719424772e-05
765061000.0,2.119174587318176e-05
799836500.0,2.118929219408713e-05
834612000.0,2.118672973941589e-05
869387500.0,2.118405679926526e-05
904163000.0,2.1181273110147117e-05
938938500.0,2.1178380703689432e-05
973714000.0,2.1175378589091107e-05
1008489500.0,2.1172266816094694e-05
1043265000.0,2.1169046207026415e-05
1078040500.0,2.1165716268495617e-05
1112816000.0,2.1162278163281093e-05
1147591500.0,2.115873099497789e-05
1182367000.0,2.1155076181545504e-05
1217142500.0,2.115131325906881e-05
1251918000.0,2.1147442369266322e-05
1286693500.0,2.1143464131069675e-05
1321469000.0,2.1139378298336814e-05
1356244500.0,2.1135185109324794e-05
1391020000.0,2.1130885748248428e-05
1425795500.0,2.112648003598692e-05
1460571000.0,2.112196769364959e-05
1495346499.9999998,2.1117349324331473e-05
1530122000.0,2.111262533519429e-05
1564897500.0,2.1107795968947678e-05
1599673000.0,2.1102861749247165e-05
1634448500.0,2.10978226292194e-05
1669224000.0,2.1092679236717284e-05
1703999500.0,2.1087431658760402e-05
1738775000.0,2.1082080585693652e-05
1773550500.0,2.1076625857967755e-05
1808326000.0,2.107106789949594e-05
1843101500.0,2.1065407315751635e-05
1877877000.0,2.1059643958859963e-05
1912652500.0,2.1053778490192717e-05
1947428000.0,2.1047811703475508e-05
1982203500.0,2.1041743151043786e-05
2016979000.0,2.1035573924483904e-05
2051754500.0,2.1029304176294603e-05
2086530000.0,2.102293397343767e-05
2121305500.0,2.1016463308139466e-05
2156081000.0,2.1009893703177636e-05
2190856500.0,2.1003224485219146e-05
2225632000.0,2.0996456903912363e-05
2260407500.0,2.0989590788900425e-05
2295183000.0,2.098262712899043e-05
2329958500.0,2.09755659858181e-05
2364734000.0,2.0968407356952508e-05
2399509500.0,2.0961151917017192e-05
2434285000.0,2.095379951439841e-05
2469060500.0,2.0946351513862962e-05
2503836000.0,2.093880776659553e-05
2538611500.0,2.0931168901272485e-05
2573387000.0,2.0923435284694102e-05
2608162500.0,2.0915608597598717e-05
2642938000.0,2.0907687472152076e-05
2677713500.0,2.0899672506814062e-05
2712489000.0,2.089156506464173e-05
2747264500.0,2.0883364823937834e-05
2782040000.0,2.0875073614977435e-05
2816815500.0,2.0866690965399246e-05
2851591000.0,2.085821716725589e-05
2886366500.0,2.084965282526712e-05
2921142000.0,2.0840997225610672e-05
2955917500.0,2.0832251946100125e-05
2990692999.9999995,2.0823416651088e-05
3025468500.0,2.08144937389074e-05
3060244000.0,2.0805482712999128e-05
3095019500.0,2.0796383178353134e-05
3129795000.0,2.0787196439556837e-05
3164570500.0,2.0777922523571217e-05
3199346000.0,2.0768562030952795e-05
3234121500.0,2.0759116386872114e-05
3268897000.0,2.0749583846629057e-05
3303672500.0,2.073996734620093e-05
3338448000.0,2.0730266593166657e-05
3373223500.0,2.072048099977428e-05
3407999000.0,2.0710611510653058e-05
3442774500.0,2.070066021411913e-05
3477550000.0,2.0690625748491177e-05
3512325500.0,2.068050790039099e-05
3547101000.0,2.067030926211186e-05
3581876500.0,2.06600296316963e-05
3616652000.0,2.0649669504247836e-05
3651427500.0,2.0639229861937766e-05
3686203000.0,2.0628708289494892e-05
3720978500.0,2.061810911832055e-05
3755754000.0,2.0607430553696937e-05
3790529500.0,2.059667537633254e-05
3825305000.0,2.0585842327811546e-05
3860080500.0,2.0574930816877718e-05
3894856000.0,2.0563943557851466e-05
3929631500.0,2.055287984426002e-05
3964407000.0,2.0541740437644376e-05
3999182500.0,2.0530525115861267e-05
4033958000.0,2.051923479305424e-05
4068733500.0,2.0507871000541977e-05
4103509000.0,2.0496433737105248e-05
4138284500.0,2.0484923216010136e-05
4173060000.0,2.0473340090258393e-05
4207835500.0,2.046168448069179e-05
4242611000.0,2.0449957864515302e-05
4277386500.0,2.0438159624082466e-05
4312162000.0,2.0426289648468046e-05
4346937500.0,2.0414350673638627e-05
4381713000.0,2.040234191207365e-05
4416488500.0,2.039026376173432e-05
4451264000.0,2.0378115944106746e-05
4486039500.0,2.0365900031196604e-05
4520815000.0,2.035361581415158e-05
4555590500.0,2.0341265125641653e-05
4590366000.0,2.0328847810820892e-05
4625141500.0,2.031636398816532e-05
4659917000.0,2.0303814560701813e-05
4694692500.0,2.0291199657530535e-05
4729468000.0,2.027851956326664e-05
4764243500.0,2.026577507574183e-05
4799019000.0,2.025296666244622e-05
4833794500.0,2.0240095191790312e-05
4868570000.0,2.022716063660295e-05
4903345500.0,2.0214163812480992e-05
4938121000.0,2.020110505013462e-05
4972896500.0,2.0187984684878278e-05
5007672000.0,2.0174802807286052e-05
5042447500.0,2.016156066742501e-05
5077223000.0,2.0148258028916417e-05
5111998500.0,2.013489643300852e-05
5146774000.0,2.012147545153454e-05
5181549500.0,2.0107996083941863e-05
5216325000.0,2.009445838860676e-05
5251100500.0,2.0080863379672207e-05
5285876000.0,2.006721074435159e-05
5320651500.0,2.005350162894803e-05
5355427000.0,2.0039736026381836e-05
5390202500.0,2.002591458795986e-05
5424978000.0,2.001203753027089e-05
5459753500.0,1.9998106016496394e-05
5494529000.0,1.998412007779573e-05
5529304500.0,1.9970080029075506e-05
5564080000.0,1.9955986588958012e-05
5598855500.0,1.9941839699764156e-05
5633631000.0,1.9927640332799944e-05
5668406500.0,1.9913388466052583e-05
5703182000.0,1.9899085271471793e-05
5737957500.0,1.98847308491878e-05
5772733000.0,1.987032524469701e-05
5807508500.0,1.98558690363312e-05
5842284000.0,1.9841363309789278e-05
5877059500.0,1.982680813105369e-05
5911835000.0,1.981220398997888e-05
5946610500.0,1.9797550606296824e-05
5981385999.999999,1.978284940215254e-05
6016161500.0,1.9768100584605865e-05
6050937000.0,1.9753304079714813e-05
6085712500.0,1.9738460778126483e-05
6120488000.0,1.9723571133901455e-05
6155263500.0,1.970863553995977e-05
6190039000.0,1.969365414112884e-05
6224814500.0,1.9678627300252518e-05
6259590000.0,1.966355582669148e-05
6294365500.0,1.9648440249505538e-05
6329141000.0,1.9633280725940998e-05
6363916500.0,1.9618077159973443e-05
6398692000.0,1.9602830961053957e-05
6433467500.0,1.9587541997285947e-05
6468243000.0,1.9572210495505163e-05
6503018500.0,1.955683734468929e-05
6537794000.0,1.9541422709190687e-05
6572569500.0,1.95259668032016e-05
6607345000.0,1.9510470339790777e-05
6642120500.0,1.9494933593466545e-05
6676896000.0,1.9479356929816684e-05
6711671500.0,1.9463740640558015e-05
6746447000.0,1.9448085538571032e-05
6781222500.0,1.9432391493884975e-05
6815998000.0,1.9416659323589525e-05
6850773500.0,1.9400889295958342e-05
6885549000.0,1.9385081567721366e-05
6920324500.0,1.9369236794324797e-05
6955100000.0,1.935335493175944e-05
6989875500.0,1.933743687598894e-05
7024651000.0,1.9321482892913465e-05
7059426500.000001,1.930549322508778e-05
7094202000.0,1.9289468421915586e-05
7128977500.0,1.927340867530984e-05
7163753000.0,1.9257314176596555e-05
7198528500.0,1.924118563620878e-05
7233304000.0,1.9225023333171027e-05
7268079500.0,1.9208827680447525e-05
7302855000.0,1.9192598909035763e-05
7337630500.0,1.917633755564942e-05
7372406000.0,1.916004359369404e-05
7407181500.0,1.9143717794382647e-05
7441957000.0,1.912736023846929e-05
7476732500.0,1.9110971545782672e-05
7511508000.0,1.9094552011050325e-05
7546283500.0,1.9078101652114903e-05
7581059000.0,1.9061621048697708e-05
7615834500.0,1.904511067924593e-05
7650610000.0,1.9028570729924968e-05
7685385500.0,1.901200166594497e-05
7720161000.0,1.899540375250003e-05
7754936500.0,1.8978777113482183e-05
7789712000.0,1.8962122555254006e-05
7824487500.0,1.894544012220137e-05
7859263000.0,1.8928730128933928e-05
7894038500.0,1.8911992984650027e-05
7928814000.0,1.8895229008654994e-05
7963589500.0,1.8878438319188255e-05
7998365000.0,1.8861621503564404e-05
8033140500.0,1.8844778816132222e-05
8067916000.0,1.8827910650657693e-05
8102691500.0,1.8811017015386655e-05
8137467000.0,1.8794098624299093e-05
8172242500.0,1.877715558720741e-05
8207018000.0,1.8760188351742237e-05
8241793500.0,1.8743197097916262e-05
8276569000.0,1.8726182064187928e-05
8311344500.0,1.8709143725168807e-05
8346120000.0,1.8692082397573922e-05
8380895500.0,1.8674998348463714e-05
8415671000.0,1.8657891869848395e-05
8450446500.0,1.864076319090296e-05
8485222000.0,1.8623612709821188e-05
8519997500.0,1.8606440532301608e-05
8554773000.0,1.858924725825799e-05
8589548500.0,1.8572032928477623e-05
8624324000.0,1.85547980575713e-05
8659099500.0,1.8537542791183072e-05
8693875000.0,1.852026751971086e-05
8728650500.0,1.8502972422574487e-05
8763426000.0,1.8485657878784913e-05
8798201500.0,1.8468324126642393e-05
8832977000.0,1.845097153315367e-05
8867752500.0,1.8433600261235883e-05
8902528000.0,1.841621068044398e-05
8937303500.0,1.839880297218802e-05
8972079000.0,1.8381377430901876e-05
9006854500.0,1.8363934460512716e-05
9041630000.0,1.834647419164822e-05
9076405500.0,1.8328996929151964e-05
9111181000.0,1.8311503022206392e-05
9145956500.0,1.829399261577716e-05
9180732000.0,1.8276466220885587e-05
9215507500.0,1.825892393673738e-05
9250283000.0,1.8241365873741697e-05
9285058500.0,1.8223792596739653e-05
9319834000.0,1.820620425466312e-05
9354609500.0,1.8188601077059825e-05
9389385000.0,1.8170983348230016e-05
9424160500.0,1.8153351242663983e-05
9458936000.0,1.813570503613815e-05
9493711500.0,1.8118045091247673e-05
9528487000.0,1.8100371638568924e-05
9563262500.0,1.808268489343747e-05
9598038000.0,1.8064985078787708e-05
9632813500.0,1.804727242489908e-05
9667589000.0,1.802954727970373e-05
9702364500.0,1.801180979804217e-05
9737140000.0,1.7994060295856237e-05
9771915500.000002,1.7976298910157062e-05
9806691000.0,1.795852599080735e-05
9841466500.0,1.7940741795800764e-05
9876242000.0,1.7922946525576798e-05
9911017500.0,1.7905140398220866e-05
9945793000.0,1.788732360716632e-05
9980568500.0,1.78694965292624e-05
10015344000.0,1.785165927680955e-05
10050119500.0,1.7833812113922467e-05
10084895000.0,1.781595532028569e-05
10119670500.0,1.7798089059563057e-05
10154446000.0,1.778021363297378e-05
10189221500.0,1.7762329196941632e-05
10223997000.0,1.7744435964619103e-05
10258772500.0,1.772653425339403e-05
10293548000.0,1.7708624209109644e-05
10328323500.0,1.769070612046404e-05
10363099000.0,1.767278007856739e-05
10397874500.0,1.7654846478911813e-05
10432650000.0,1.7636905481878735e-05
10467425500.0,1.761895717917444e-05
10502201000.0,1.7601001951414446e-05
10536976500.0,1.7583039911722596e-05
10571752000.0,1.756507131927138e-05
10606527500.0,1.754709641938986e-05
10641303000.0,1.7529115307111493e-05
10676078500.0,1.751112836590952e-05
10710854000.0,1.7493135702160467e-05
10745629500.0,1.7475137483134463e-05
10780405000.0,1.7457133997597285e-05
10815180500.0,1.7439125449638806e-05
10849956000.0,1.7421112022203916e-05
10884731500.0,1.7403093921179515e-05
10919507000.0,1.738507132283519e-05
10954282500.0,1.7367044426172656e-05
10989058000.0,1.7349013486523858e-05
11023833500.0,1.7330978695173984e-05
11058609000.0,1.731294013873749e-05
11093384500.0,1.7294898204409288e-05
11128160000.0,1.7276852955569953e-05
11162935500.0,1.725880459543784e-05
11197711000.0,1.7240753389490734e-05
11232486500.0,1.722269944300229e-05
11267262000.0,1.7204643013941345e-05
11302037500.0,1.7186584266776654e-05
11336813000.0,1.7168523371117307e-05
11371588500.0,1.715046047762282e-05
11406364000.0,1.713239592470606e-05
11441139500.0,1.7114329784513824e-05
11475915000.0,1.7096262253361246e-05
11510690500.0,1.7078193531876443e-05
11545466000.0,1.7060123824874863e-05
11580241500.0,1.7042053264277843e-05
11615017000.0,1.7023982033234814e-05
11649792500.0,1.7005910364883935e-05
11684568000.0,1.6987838382408448e-05
11719343500.0,1.6969766296983356e-05
11754119000.0,1.6951694286169162e-05
11788894500.0,1.6933622531809558e-05
11823670000.0,1.691555117562389e-05
11858445500.0,1.6897480400848887e-05
11893221000.0,1.6879410387481344e-05
11927996500.0,1.686134131958745e-05
11962771999.999998,1.684327336355904e-05
11997547500.0,1.6825206668505384e-05
12032323000.0,1.6807141416524433e-05
12067098500.0,1.6789077786497764e-05
12101874000.0,1.6771015947101505e-05
12136649500.0,1.675295604301392e-05
12171425000.0,1.6734898244198974e-05
12206200500.0,1.671684272454099e-05
12240976000.0,1.6698789661738893e-05
12275751500.0,1.668073916874075e-05
12310527000.0,1.6662691444956362e-05
12345302500.0,1.664464664568304e-05
12380078000.0,1.6626604930196203e-05
12414853500.0,1.6608566461645373e-05
12449629000.0,1.6590531400296747e-05
12484404500.0,1.657249989034495e-05
12519180000.0,1.6554472080001214e-05
12553955500.0,1.6536448127936223e-05
12588731000.0,1.6518428203034984e-05
12623506500.0,1.650041243884461e-05
12658282000.0,1.6482401024462592e-05
12693057500.0,1.6464394062456105e-05
12727833000.0,1.6446391742653674e-05
12762608500.0,1.642839418191958e-05
12797384000.0,1.6410401551685356e-05
12832159500.0,1.639241399532511e-05
12866935000.0,1.6374431647437645e-05
12901710500.0,1.6356454683593674e-05
12936486000.0,1.633848320850903e-05
12971261500.0,1.632051739853751e-05
13006037000.0,1.6302557372090072e-05
13040812500.0,1.6284603287888746e-05
13075588000.0,1.626665529584047e-05
13110363500.0,1.6248713507210398e-05
13145139000.0,1.6230778084952933e-05
13179914500.0,1.6212849165431697e-05
13214690000.0,1.619492687668294e-05
13249465500.0,1.6177011367951584e-05
13284241000.0,1.6159102750799272e-05
13319016500.0,1.6141201198703077e-05
13353792000.0,1.612330680696778e-05
13388567500.0,1.6105419743908755e-05
13423343000.0,1.608754011198029e-05
13458118500.0,1.6069668068683607e-05
13492894000.0,1.6051803729136402e-05
13527669500.0,1.6033947234549614e-05
13562445000.0,1.6016098695624577e-05
13597220500.0,1.599825824893757e-05
13631996000.0,1.5980426039756675e-05
13666771500.0,1.5962602177691524e-05
13701547000.0,1.5944786786837198e-05
13736322500.0,1.5926980010936358e-05
13771098000.0,1.5909181964041416e-05
13805873500.0,1.58913927743773e-05
13840649000.0,1.5873612562519035e-05
13875424500.0,1.585584144689073e-05
13910200000.0,1.5838079554456172e-05
13944975500.0,1.582032699403086e-05
13979751000.0,1.5802583898836463e-05
14014526500.0,1.578485038401503e-05
14049302000.0,1.576712656786985e-05
14084077500.0,1.5749412566597213e-05
14118853000.000002,1.5731708499490944e-05
14153628500.0,1.5714014478580643e-05
14188404000.0,1.5696330624128383e-05
14223179500.0,1.5678657049171918e-05
14257955000.0,1.56609938647281e-05
14292730500.0,1.5643341184870486e-05
14327506000.0,1.5625699126661962e-05
14362281500.0,1.560806779509668e-05
14397057000.0,1.559044729327165e-05
14431832500.0,1.5572837752111188e-05
14466608000.0,1.5555239270719505e-05
14501383500.0,1.55376519414914e-05
14536159000.0,1.552007588925989e-05
14570934500.0,1.5502511217265628e-05
14605710000.0,1.5484958031719e-05
14640485500.0,1.5467416441736634e-05
14675261000.0,1.5449886535349133e-05
14710036500.0,1.543236845134285e-05
14744812000.0,1.5414862273996974e-05
14779587500.0,1.5397368086004878e-05
14814363000.0,1.53798860107652e-05
14849138500.0,1.536241615552134e-05
14883914000.0,1.5344958597698375e-05
14918689500.0,1.5327513431759846e-05
14953465000.0,1.531008078732192e-05
14988240500.0,1.5292660736739348e-05
15023016000.0,1.5275253387488107e-05
15057791500.0,1.5257858849693637e-05
15092567000.0,1.5240477186306873e-05
15127342500.0,1.5223108535561807e-05
15162118000.0,1.5205752984068117e-05
15196893500.0,1.518841059452257e-05
15231669000.0,1.5171081437234407e-05
15266444500.0,1.5153765682837721e-05
15301220000.0,1.5136463389186315e-05
15335995500.0,1.5119174612930594e-05
15370771000.0,1.5101899470599904e-05
15405546500.0,1.5084638107122432e-05
15440322000.0,1.5067390578600304e-05
15475097500.0,1.5050156931353041e-05
15509873000.0,1.5032937214940798e-05
15544648500.0,1.5015731537541668e-05
15579424000.0,1.4998540086127853e-05
15614199500.0,1.4981362909503131e-05
15648975000.0,1.4964200046981087e-05
15683750500.0,1.494705154111776e-05
15718526000.0,1.4929917466844939e-05
15753301500.0,1.4912798013935452e-05
15788077000.0,1.4895693220416294e-05
15822852500.0,1.487860312750233e-05
15857628000.0,1.486152788197404e-05
15892403500.0,1.4844467558907256e-05
15927179000.0,1.4827422191350142e-05
15961954500.0,1.4810391860018772e-05
15996730000.0,1.479337672870234e-05
16031505500.0,1.4776376822328834e-05
16066281000.0,1.475939217305597e-05
16101056500.0,1.4742422812196303e-05
16135832000.0,1.4725468972040291e-05
16170607500.0,1.4708530672630415e-05
16205383000.0,1.4691607937243234e-05
16240158500.0,1.467470078842654e-05
16274934000.0,1.4657809438599362e-05
16309709499.999998,1.46409339537337e-05
16344485000.0,1.462407435610638e-05
16379260500.0,1.460723065959909e-05
16414036000.0,1.4590402885134733e-05
16448811500.0,1.45735912242842e-05
16483587000.0,1.4556795752018416e-05
16518362500.0,1.454001648529697e-05
16553138000.0,1.4523253436675305e-05
16587913500.0,1.4506506797827562e-05
16622689000.0,1.448977661592042e-05
16657464500.0,1.4473062899972106e-05
16692240000.0,1.4456365654760524e-05
16727015500.0,1.4439685123887934e-05
16761791000.0,1.4423021334840225e-05
16796566500.0,1.4406374288771113e-05
16831342000.0,1.4389743990025548e-05
16866117500.0,1.4373130442465834e-05
16900893000.0,1.4356533883883337e-05
16935668500.0,1.4339954336819218e-05
16970444000.0,1.4323391798070834e-05
17005219500.0,1.4306846342410535e-05
17039995000.0,1.4290318110669122e-05
17074770500.0,1.4273807100208019e-05
17109546000.0,1.4257313307992186e-05
17144321500.0,1.424083689880451e-05
17179097000.0,1.4224377933785685e-05
17213872500.0,1.4207936403386942e-05
17248648000.0,1.4191512304671946e-05
17283423500.0,1.4175105792924272e-05
17318199000.0,1.4158716949013636e-05
17352974500.0,1.4142345763480635e-05
17387750000.0,1.412599222655375e-05
17422525500.0,1.4109656460485228e-05
17457301000.0,1.4093338561985898e-05
17492076500.0,1.4077038515107271e-05
17526852000.0,1.406075632713633e-05
17561627500.0,1.4044492188521076e-05
17596403000.0,1.4028246084128777e-05
17631178500.0,1.4012017998583005e-05
17665954000.0,1.3995808054869825e-05
17700729500.0,1.3979616337947541e-05
17735505000.0,1.3963442829854957e-05
17770280500.0,1.394728751242152e-05
17805056000.0,1.3931150513457422e-05
17839831500.0,1.3915031929737096e-05
17874607000.0,1.3898931740447862e-05
17909382500.0,1.3882849921390769e-05
17944158000.0,1.386678659535468e-05
17978933500.0,1.3850741876916253e-05
18013709000.0,1.3834715742443217e-05
18048484500.0,1.3818708168160696e-05
18083260000.0,1.380271914590044e-05
18118035500.0,1.3786748993434956e-05
18152811000.0,1.3770797683838066e-05
18187586500.0,1.375486519007729e-05
18222362000.0,1.3738951488117855e-05
18257137500.0,1.372305654761e-05
18291913000.0,1.3707180341219046e-05
18326688500.0,1.3691323089856064e-05
18361464000.0,1.3675484956536998e-05
18396239500.0,1.3659665913368219e-05
18431015000.0,1.3643865926299733e-05
18465790500.0,1.362808496729857e-05
18500566000.0,1.3612323002225763e-05
18535341500.0,1.3596580002917974e-05
18570117000.0,1.3580856302425842e-05
18604892500.0,1.3565151991681165e-05
18639668000.0,1.3549467038682517e-05
18674443500.0,1.353380140547621e-05
18709219000.0,1.3518155057071082e-05
18743994500.0,1.3502527958465343e-05
18778770000.0,1.3486920074648201e-05
18813545500.0,1.3471331370601422e-05
18848321000.0,1.3455762217060287e-05
18883096500.0,1.344021265396963e-05
18917872000.0,1.342468264563424e-05
18952647500.0,1.3409172150622237e-05
18987423000.0,1.339368113327423e-05
19022198500.0,1.3378209555084163e-05
19056974000.0,1.3362757559020453e-05
19091749500.0,1.3347325427334753e-05
19126525000.0,1.3331913117961981e-05
19161300500.0,1.3316520588901556e-05
19196076000.0,1.3301147798218068e-05
19230851500.0,1.3285794704042033e-05
19265627000.0,1.3270461261796694e-05
19300402500.0,1.325514743253031e-05
19335178000.0,1.3239853174575144e-05
19369953500.0,1.3224578803053198e-05
19404729000.0,1.3209324413317502e-05
19439504500.0,1.3194089963094807e-05
19474280000.0,1.3178875407466888e-05
19509055500.0,1.3163680698909912e-05
19543831000.000004,1.3148505795419208e-05
19578606499.999996,1.3133350971977351e-05
19613382000.0,1.3118216401244752e-05
19648157500.0,1.3103102032330369e-05
19682933000.0,1.3088007817159769e-05
19717708500.0,1.307293371043722e-05
19752484000.0,1.3057879661692614e-05
19787259500.0,1.304284562587312e-05
19822035000.0,1.302783155278873e-05
19856810500.0,1.3012837395018583e-05
19891586000.0,1.2997863107874037e-05
19926361500.0,1.2982908828254733e-05
19961137000.0,1.2967974885035185e-05
19995912500.0,1.29530612248233e-05
20030688000.0,1.293816779698024e-05
20065463500.0,1.2923294553584152e-05
20100239000.0,1.2908441441750639e-05
20135014500.0,1.2893608413859483e-05
20169790000.0,1.287879569316902e-05
20204565500.0,1.286400332628024e-05
20239341000.0,1.2849231260947502e-05
20274116500.0,1.2834479447607119e-05
20308892000.0,1.2819747831855196e-05
20343667500.0,1.280503675246644e-05
20378443000.0,1.2790346182500112e-05
20413218500.0,1.2775676067759574e-05
20447994000.0,1.2761026354244559e-05
20482769500.0,1.2746396988150364e-05
20517545000.0,1.2731787918312232e-05
20552320500.0,1.2717199088860842e-05
20587096000.0,1.2702630446573559e-05
20621871500.0,1.2688082311165689e-05
20656647000.0,1.2673554803382147e-05
20691422500.0,1.2659047866897307e-05
20726198000.0,1.2644561445603462e-05
20760973500.0,1.2630095483609788e-05
20795749000.0,1.2615649925241353e-05
20830524500.0,1.2601224715038098e-05
20865300000.0,1.2586819797753825e-05
20900075500.0,1.2572435118355203e-05
20934851000.0,1.2558070913231803e-05
20969626500.0,1.2543727306072078e-05
21004402000.0,1.2529404239361824e-05
21039177500.0,1.2515101655818935e-05
21073953000.0,1.2500819498392207e-05
21108728500.0,1.248655771026018e-05
21143504000.0,1.2472316547939728e-05
21178279500.0,1.2458096092984484e-05
21213055000.0,1.2443896286293542e-05
21247830500.0,1.242971707129263e-05
21282606000.0,1.2415558387086261e-05
21317381500.0,1.2401420175310407e-05
21352157000.0,1.238730238010146e-05
21386932500.0,1.2373204941315273e-05
21421708000.0,1.2359127801312877e-05
21456483500.0,1.2345071193308721e-05
21491259000.0,1.2331035216464269e-05
21526034500.0,1.2317019810961998e-05
21560810000.0,1.2303024917240658e-05
21595585500.0,1.2289050475993845e-05
21630361000.0,1.2275096430368209e-05
21665136500.0,1.2261163017546153e-05
21699912000.0,1.2247250231702829e-05
21734687500.0,1.2233358012287877e-05
21769463000.0,1.2219486299014915e-05
21804238500.0,1.2205635031860036e-05
21839014000.0,1.21918041510603e-05
21873789500.0,1.2177993859519367e-05
21908565000.0,1.2164204252839596e-05
21943340500.0,1.2150435271520804e-05
21978116000.0,1.213668685205546e-05
22012891500.0,1.2122958935476137e-05
22047667000.0,1.2109251458831932e-05
22082442500.0,1.2095564363681893e-05
22117218000.0,1.2081897587625252e-05
22151993500.0,1.2068251158722789e-05
22186769000.0,1.205462544522699e-05
22221544500.0,1.2041020386497827e-05
22256320000.0,1.2027435918004898e-05
22291095500.0,1.2013871979661694e-05
22325871000.0,1.2000328507513982e-05
22360646500.0,1.1986805442022094e-05
22395422000.0,1.19733027198011e-05
22430197500.0,1.19598202818516e-05
22464973000.0,1.1946358065351223e-05
22499748500.0,1.1932916046389995e-05
22534524000.0,1.1919494586006873e-05
22569299500.0,1.1906093621419222e-05
22604075000.0,1.1892713092145464e-05
22638850500.0,1.1879352933955335e-05
22673626000.0,1.1866013084922358e-05
22708401500.0,1.1852693483401974e-05
22743177000.0,1.1839394243091648e-05
22777952500.0,1.1826115519994217e-05
22812728000.0,1.1812857248929665e-05
22847503500.0,1.1799619366998812e-05
22882279000.0,1.1786401811592164e-05
22917054500.0,1.177320452234738e-05
22951830000.0,1.1760027435263887e-05
22986605500.0,1.1746870488590716e-05
23021381000.0,1.1733733702401588e-05
23056156500.0,1.1720617371170094e-05
23090932000.0,1.1707521429422242e-05
23125707500.0,1.1694445815844809e-05
23160483000.0,1.1681390465564335e-05
23195258500.0,1.1668355315928827e-05
23230034000.0,1.165534030648287e-05
23264809500.0,1.164234537324004e-05
23299585000.0,1.1629370456307993e-05
23334360500.0,1.1616415635897428e-05
23369136000.0,1.1603481085437572e-05
23403911500.0,1.1590566741738755e-05
23438687000.0,1.1577672540032858e-05
23473462500.0,1.1564798419595634e-05
23508238000.0,1.1551944316253402e-05
23543013500.0,1.1539110192125807e-05
23577789000.0,1.152629635180254e-05
23612564500.0,1.1513502729696959e-05
23647340000.0,1.1500729264217378e-05
23682115500.0,1.1487975890383833e-05
23716891000.0,1.1475242547185889e-05
23751666500.0,1.1462529170242789e-05
23786442000.0,1.144983569911813e-05
23821217500.0,1.1437162070023e-05
23855993000.0,1.14245082230879e-05
23890768500.000004,1.1411874122146746e-05
23925543999.999996,1.1399260042031233e-05
23960319500.0,1.1386665919808138e-05
23995095000.0,1.1374091692838809e-05
24029870500.0,1.1361537296995683e-05
24064646000.0,1.1349002672010719e-05
24099421500.0,1.1336487949203534e-05
24134197000.0,1.1323993159596843e-05
24168972500.0,1.1311518238590981e-05
24203748000.0,1.1299063125408302e-05
24238523500.0,1.1286627756046393e-05
24273299000.0,1.127421207030096e-05
24308074500.0,1.1261816004759509e-05
24342850000.0,1.1249439621312671e-05
24377625500.0,1.123708308668193e-05
24412401000.0,1.1224746338059884e-05
24447176500.0,1.1212429312933916e-05
24481952000.0,1.1200131949084339e-05
24516727500.0,1.1187854184582605e-05
24551503000.0,1.117559595778949e-05
24586278500.0,1.1163357207353316e-05
24621054000.0,1.1151137873905237e-05
24655829500.0,1.113893810480247e-05
24690605000.0,1.1126757976737016e-05
24725380500.0,1.1114597427535246e-05
24760156000.0,1.1102456395314715e-05
24794931500.0,1.109033481848237e-05
24829707000.0,1.1078232634064137e-05
24864482500.0,1.1066149782713688e-05
24899258000.0,1.1054086203695457e-05
24934033500.0,1.1042042107920624e-05
24968809000.0,1.103001745350431e-05
25003584500.0,1.1018012178939183e-05
25038360000.0,1.10060262213643e-05
25073135500.0,1.0994059521490545e-05
25107911000.0,1.0982112018667104e-05
25142686500.0,1.0970183790843476e-05
25177462000.0,1.0958274975145073e-05
25212237500.0,1.0946385508290655e-05
25247013000.0,1.0934515330528412e-05
25281788500.0,1.0922664380770354e-05
25316564000.0,1.0910832598213341e-05
25351339500.0,1.0899019920736764e-05
25386115000.0,1.0887226289706892e-05
25420890500.0,1.0875451645164681e-05
25455666000.0,1.0863695925841574e-05
25490441500.0,1.0851959073924502e-05
25525217000.0,1.0840241252893976e-05
25559992500.0,1.0828542490852343e-05
25594768000.0,1.0816862725958816e-05
25629543500.0,1.0805201899797212e-05
25664319000.0,1.079355995265504e-05
25699094500.0,1.078193688428053e-05
25733870000.0,1.0770332827797542e-05
25768645500.0,1.0758747722959472e-05
25803421000.0,1.074718150979947e-05
25838196500.0,1.0735634128628728e-05
25872972000.0,1.0724105520034804e-05
25907747500.0,1.0712595624879927e-05
25942523000.0,1.0701104384299359e-05
25977298500.0,1.0689631739699722e-05
26012074000.0,1.067817783798114e-05
26046849500.0,1.0666742653345868e-05
26081625000.0,1.0655326125224645e-05
26116400500.0,1.0643928196348868e-05
26151176000.0,1.0632548808204669e-05
26185951500.0,1.0621188085550839e-05
26220727000.0,1.0609845981407214e-05
26255502500.0,1.0598522435541511e-05
26290278000.0,1.0587217390980086e-05
26325053500.0,1.0575930789522143e-05
26359829000.0,1.0564662573234169e-05
26394604500.0,1.0553412820274825e-05
26429380000.0,1.0542181606521356e-05
26464155500.0,1.0530968873416623e-05
26498931000.0,1.0519774562672799e-05
26533706500.0,1.050859861773066e-05
26568482000.0,1.0497440979371413e-05
26603257500.0,1.0486301590105522e-05
26638033000.0,1.0475180394155841e-05
26672808500.0,1.0464077333103834e-05
26707584000.0,1.0452992350244027e-05
26742359500.0,1.0441925534385176e-05
26777135000.0,1.0430876921820308e-05
26811910500.0,1.0419846456810117e-05
26846686000.0,1.0408834082438036e-05
26881461500.0,1.0397839740623563e-05
26916237000.0,1.0386863529714706e-05
26951012500.0,1.0375905435255563e-05
26985788000.0,1.0364965398939185e-05
27020563500.0,1.0354043365546005e-05
27055339000.0,1.0343139277293018e-05
27090114500.0,1.0332253079466982e-05
27124890000.0,1.0321384716200522e-05
27159665500.0,1.0310534130485045e-05
27194441000.0,1.029970149503946e-05
27229216500.0,1.0288886773012297e-05
27263992000.0,1.0278089906904555e-05
27298767500.0,1.026731084086222e-05
27333543000.0,1.0256549520660615e-05
27368318500.0,1.024580588956973e-05
27403094000.0,1.0235079892489455e-05
27437869500.0,1.0224371475934129e-05
27472645000.0,1.0213680660237161e-05
27507420500.0,1.0203007521135496e-05
27542196000.0,1.019235200347041e-05
27576971500.0,1.0181714052331709e-05
27611747000.0,1.0171093613056268e-05
27646522500.0,1.0160490631226579e-05
27681298000.0,1.0149905170778479e-05
27716073500.0,1.0139337226723123e-05
27750849000.0,1.0128786743197669e-05
27785624500.0,1.0118253667258155e-05
27820400000.0,1.0107737943536342e-05
27855175500.0,1.0097239518241236e-05
27889951000.0,1.0086758426404112e-05
27924726500.0,1.0076294732965889e-05
27959502000.0,1.0065848383822672e-05
27994277500.0,1.0055419325112586e-05
28029053000.0,1.0045007503214373e-05
28063828500.0,1.0034612864746e-05
28098604000.0,1.0024235355260752e-05
28133379500.0,1.0013874923156653e-05
28168155000.0,1.0003531515761082e-05
28202930500.0,9.993205153037593e-06
28237706000.000004,9.982895947506225e-06
28272481499.999996,9.97260384602397e-06
28307257000.0,9.962328795684042e-06
28342032500.0,9.952070743814499e-06
28376808000.0,9.941829637976918e-06
28411583500.0,9.931605425965034e-06
28446359000.0,9.921398055803426e-06
28481134500.0,9.91120747574619e-06
28515910000.0,9.901033646922036e-06
28550685500.0,9.890876712258533e-06
28585461000.0,9.880736618424725e-06
28620236500.0,9.870613313584108e-06
28655012000.0,9.860506747381047e-06
28689787500.0,9.850416867179321e-06
28724563000.0,9.840343623070349e-06
28759338500.0,9.830286962874523e-06
28794114000.0,9.82024694130979e-06
28828889500.0,9.810223550687763e-06
28863665000.0,9.80021674002938e-06
28898440500.0,9.790226458579034e-06
28933216000.0,9.780252655803312e-06
28967991500.0,9.770295383100393e-06
29002767000.0,9.760354630231527e-06
29037542500.0,9.750430347863065e-06
29072318000.0,9.740522484440209e-06
29107093500.0,9.730630991064012e-06
29141869000.0,9.720755817834394e-06
29176644500.0,9.710896913860526e-06
29211420000.0,9.701054285114346e-06
29246195500.0,9.691228021540776e-06
29280971000.0,9.681418074381002e-06
29315746500.0,9.671624392691969e-06
29350522000.0,9.661846926948882e-06
29385297500.0,9.65208562784182e-06
29420073000.0,9.642340447462517e-06
29454848500.0,9.632611335736355e-06
29489624000.0,9.622898243990817e-06
29524399500.0,9.613201123763495e-06
29559175000.0,9.603519949160996e-06
29593950500.0,9.593854807051532e-06
29628726000.0,9.584205650028477e-06
29663501500.0,9.574572428549204e-06
29698277000.0,9.56495509561922e-06
29733052500.0,9.555353680044803e-06
29767828000.0,9.54576817200703e-06
29802603500.0,9.536198523422055e-06
29837379000.0,9.526644687567512e-06
29872154500.0,9.517106615613743e-06
29906930000.0,9.507584260092972e-06
29941705500.0,9.498077573740533e-06
29976481000.0,9.48858665939319e-06
30011256500.0,9.47911149575112e-06
30046032000.0,9.469652034200092e-06
30080807500.0,9.460208228609349e-06
30115583000.0,9.450780030774597e-06
30150358500.0,9.441367394962258e-06
30185134000.0,9.431970273373516e-06
30219909500.0,9.422588619541731e-06
30254685000.0,9.413222388320932e-06
30289460500.0,9.403871532512276e-06
30324236000.0,9.394536007356188e-06
30359011500.0,9.38521594677294e-06
30393787000.0,9.375911326705102e-06
30428562500.0,9.366622102039626e-06
30463338000.0,9.357348225635753e-06
30498113500.0,9.34808965276587e-06
30532889000.0,9.33884633668268e-06
30567664500.0,9.329618233039811e-06
30602440000.0,9.32040529547918e-06
30637215500.0,9.311207480031527e-06
30671991000.0,9.302024740723811e-06
30706766500.0,9.292857100476037e-06
30741542000.0,9.283704622191128e-06
30776317500.0,9.274567260764689e-06
30811093000.0,9.265444971281806e-06
30845868500.0,9.256337709016002e-06
30880644000.0,9.247245429428245e-06
30915419500.0,9.238168088165926e-06
30950195000.0,9.229105641061865e-06
30984970500.0,9.220058044133317e-06
31019746000.0,9.211025308075131e-06
31054521500.0,9.202007461522283e-06
31089297000.0,9.19300446047188e-06
31124072500.0,9.184016261104414e-06
31158848000.0,9.175042820841746e-06
31193623500.0,9.16608409516685e-06
31228399000.0,9.157140107223262e-06
31263174500.0,9.148210851488666e-06
31297950000.0,9.139296285632864e-06
31332725500.0,9.130396365404073e-06
31367501000.0,9.121511048826309e-06
31402276500.0,9.112640292009427e-06
31437052000.0,9.103784053327897e-06
31471827500.0,9.094942385783607e-06
31506603000.0,9.086115281849734e-06
31541378500.0,9.077302697772922e-06
31576154000.0,9.068504591014016e-06
31610929500.0,9.05972091920913e-06
31645705000.0,9.05095164016873e-06
31680480500.0,9.04219671290108e-06
31715256000.0,9.033456094535984e-06
31750031500.0,9.024729743401486e-06
31784807000.0,9.016017640384379e-06
31819582500.0,9.007319876058992e-06
31854358000.0,8.998636407575436e-06
31889133500.0,8.98996719327279e-06
31923909000.0,8.98131219166057e-06
31958684500.0,8.972671362424424e-06
31993460000.0,8.964044663403302e-06
32028235500.0,8.955432053612715e-06
32063011000.0,8.946833493235113e-06
32097786500.0,8.938248940616745e-06
32132562000.0,8.929678355271241e-06
32167337500.0,8.921121762451064e-06
32202113000.0,8.912579199043895e-06
32236888500.0,8.904050624437867e-06
32271664000.0,8.895535998185876e-06
32306439500.0,8.887035279019714e-06
32341215000.0,8.878548427806375e-06
32375990500.0,8.870075404587932e-06
32410766000.0,8.861616169567838e-06
32445541500.0,8.853170683110093e-06
32480317000.0,8.844738946666472e-06
32515092500.0,8.836320985894666e-06
32549868000.0,8.82791676021214e-06
32584643500.000004,8.819526231138514e-06
32619418999.999996,8.811149358413462e-06
32654194500.0,8.802786103868885e-06
32688970000.0,8.794436439108135e-06
32723745500.0,8.78610039246433e-06
32758521000.0,8.77777792398144e-06
32793296500.0,8.769468994821677e-06
32828072000.0,8.76117356725653e-06
32862847500.0,8.752891601802204e-06
32897623000.0,8.744623111378472e-06
32932398500.0,8.736368080296595e-06
32967174000.0,8.728126470175944e-06
33001949500.0,8.719898243732715e-06
33036725000.0,8.711683361945491e-06
33071500500.0,8.703481786890119e-06
33106276000.0,8.695293546448698e-06
33141051500.0,8.68711863454475e-06
33175827000.0,8.678957013295748e-06
33210602500.0,8.670808644969426e-06
33245378000.0,8.662673491983035e-06
33280153500.0,8.654551516902552e-06
33314929000.0,8.646442682441964e-06
33349704500.0,8.638346951462503e-06
33384480000.0,8.630264286971909e-06
33419255500.0,8.622194652123697e-06
33454031000.0,8.614138103905391e-06
33488806500.0,8.606094619119665e-06
33523582000.0,8.598064161823061e-06
33558357500.0,8.590046694385752e-06
33593133000.0,8.582042181149666e-06
33627908500.0,8.574050584776498e-06
33662684000.0,8.566071868983538e-06
33697459500.0,8.558105998535419e-06
33732235000.0,8.550152997054544e-06
33767010500.0,8.542212877116709e-06
33801786000.0,8.534285601654778e-06
33836561500.0,8.52637113464634e-06
33871337000.0,8.518469440209606e-06
33906112500.0,8.510580482602698e-06
33940888000.0,8.502704226222964e-06
33975663500.0,8.494840635606278e-06
34010439000.0,8.486989675426361e-06
34045214500.0,8.479151310494097e-06
34079990000.0,8.471325505756854e-06
34114765500.0,8.463512285475466e-06
34149541000.0,8.455711644596341e-06
34184316500.0,8.447923548110193e-06
34219092000.0,8.440147962021072e-06
34253867500.0,8.432384850710328e-06
34288643000.0,8.424634192687648e-06
34323418500.0,8.41689602672115e-06
34358194000.0,8.409170317251695e-06
34392969500.0,8.401457030597203e-06
34427745000.0,8.393756132336178e-06
34462520500.0,8.386067588179574e-06
34497296000.0,8.378391363970167e-06
34532071500.0,8.370727425681895e-06
34566847000.0,8.36307573941922e-06
34601622500.0,8.355436270557956e-06
34636398000.0,8.347808986321981e-06
34671173500.0,8.340193853203533e-06
34705949000.0,8.33259091633422e-06
34740724500.0,8.325000160032324e-06
34775500000.0,8.317421549937571e-06
34810275499.99999,8.309855052670941e-06
34845051000.0,8.302300634980655e-06
34879826500.0,8.294758263741549e-06
34914602000.0,8.287227905954488e-06
34949377500.0,8.27970952958726e-06
34984153000.0,8.272203150599012e-06
35018928500.0,8.264708749579023e-06
35053704000.0,8.257226293776854e-06
35088479500.0,8.249755750566195e-06
35123255000.0,8.242297087444243e-06
35158030500.0,8.234850304461867e-06
35192806000.0,8.227415391640945e-06
35227581500.0,8.219992316629466e-06
35262357000.0,8.212581047197558e-06
35297132500.0,8.205181551236876e-06
35331908000.0,8.197793796760031e-06
35366683500.0,8.190417751900009e-06
35401459000.0,8.183053439039487e-06
35436234500.0,8.175700844345758e-06
35471010000.0,8.168359936844122e-06
35505785500.0,8.161030684859098e-06
35540561000.0,8.153713056833975e-06
35575336500.0,8.146407021330268e-06
35610112000.0,8.13911254621659e-06
35644887500.0,8.131829601101347e-06
35679663000.0,8.124558154897349e-06
35714438500.0,8.117298176633385e-06
35749214000.0,8.110049704619695e-06
35783989500.0,8.102812713465253e-06
35818765000.0,8.095587171452755e-06
35853540500.0,8.088373048583787e-06
35888316000.0,8.081170314171785e-06
35923091500.0,8.073978936847694e-06
35957867000.0,8.066798886950407e-06
35992642500.0,8.059630136513934e-06
36027418000.0,8.052472706766871e-06
36062193500.0,8.045326568169816e-06
36096969000.0,8.038191689713395e-06
36131744500.0,8.031068042079114e-06
36166520000.0,8.023955594483554e-06
36201295500.0,8.016854342923852e-06
36236071000.0,8.009764285706506e-06
36270846500.0,8.002685392960268e-06
36305622000.0,7.9956176349239e-06
36340397500.0,7.98856098194567e-06
36375173000.0,7.981515403706044e-06
36409948500.0,7.974480871549028e-06
36444724000.0,7.967457356148332e-06
36479499500.0,7.960444841415038e-06
36514275000.0,7.953443337501897e-06
36549050500.0,7.94645281597343e-06
36583826000.0,7.939473247728652e-06
36618601500.0,7.932504603006452e-06
36653377000.0,7.925546853686006e-06
36688152500.0,7.918599989309816e-06
36722928000.0,7.911664007804539e-06
36757703500.0,7.904738879665228e-06
36792479000.0,7.89782457701441e-06
36827254500.0,7.890921071316623e-06
36862030000.0,7.884028334140096e-06
36896805500.0,7.877146336401299e-06
36931581000.0,7.870275095842964e-06
36966356500.0,7.863414594700946e-06
37001132000.0,7.85656480549505e-06
37035907500.0,7.849725699344471e-06
37070683000.0,7.842897248222254e-06
37105458500.0,7.836079424202716e-06
37140234000.0,7.82927219946098e-06
37175009500.0,7.822475546272512e-06
37209785000.0,7.815689437012663e-06
37244560500.0,7.80891386564271e-06
37279336000.0,7.802148847548977e-06
37314111500.0,7.79539435516391e-06
37348887000.0,7.788650361019022e-06
37383662500.0,7.781916837744477e-06
37418438000.0,7.775193758068611e-06
37453213500.0,7.768481094817502e-06
37487989000.0,7.761778820914521e-06
37522764500.0,7.755086908649939e-06
37557540000.0,7.748405331871706e-06
37592315500.0,7.741734092155437e-06
37627091000.0,7.735073184481737e-06
37661866500.0,7.728422582068941e-06
37696642000.0,7.721782257507608e-06
37731417500.0,7.715152184931108e-06
37766193000.0,7.708532337122276e-06
37800968500.0,7.701922720047245e-06
37835744000.0,7.695323313742208e-06
37870519500.0,7.68873409113552e-06
37905295000.0,7.682155025968261e-06
37940070500.0,7.675586092074553e-06
37974846000.0,7.669027263381157e-06
38009621500.0,7.66247852813426e-06
38044397000.0,7.655939894475455e-06
38079172500.0,7.649411336430528e-06
38113948000.0,7.642892828116973e-06
38148723500.0,7.636384343743586e-06
38183499000.0,7.629885857610061e-06
38218274500.0,7.6233973441065705e-06
38253050000.0,7.616918777713379e-06
38287825500.0,7.6104501330004325e-06
38322601000.0,7.603991383927187e-06
38357376500.0,7.597542535280183e-06
38392152000.0,7.591103582706972e-06
38426927500.0,7.5846745016465895e-06
38461703000.0,7.578255266233296e-06
38496478500.0,7.5718458520801284e-06
38531254000.0,7.565446234191813e-06
38566029500.0,7.559056386969415e-06
38600805000.0,7.552676286284073e-06
38635580500.0,7.546305930809437e-06
38670356000.0,7.539945317117235e-06
38705131500.0,7.5335944204843206e-06
38739907000.0,7.527253216273585e-06
38774682500.0,7.520921679933579e-06
38809458000.0,7.514599786998124e-06
38844233500.0,7.508287513085953e-06
38879009000.0,7.501984833900327e-06
38913784500.0,7.495691727264649e-06
38948560000.0,7.489408212399426e-06
38983335500.0,7.483134264421045e-06
39018111000.0,7.476869859208249e-06
39052886500.0,7.470614972723122e-06
39087662000.00001,7.464369581010717e-06
39122437500.0,7.458133660870131e-06
39157212999.99999,7.451907187838656e-06
39191988500.0,7.4456901382081e-06
39226764000.0,7.4394825037126514e-06
39261539500.0,7.433284289419599e-06
39296315000.0,7.427095471708545e-06
39331090500.0,7.420916027040194e-06
39365866000.0,7.41474593261914e-06
39400641500.0,7.4085851644029095e-06
39435417000.0,7.402433699093401e-06
39470192500.0,7.396291514131855e-06
39504968000.0,7.390158585718422e-06
39539743500.0,7.384034903939526e-06
39574519000.0,7.377920467421082e-06
39609294500.0,7.371815252482934e-06
39644070000.0,7.36571923683459e-06
39678845500.0,7.3596323969548035e-06
39713621000.0,7.353554715267736e-06
39748396500.0,7.347486197663242e-06
39783172000.0,7.3414268213891976e-06
39817947500.0,7.335376563770737e-06
39852723000.0,7.3293354022099275e-06
39887498500.0,7.323303314185444e-06
39922274000.0,7.31728027725223e-06
39957049500.0,7.311266269041182e-06
39991825000.0,7.30526126725882e-06
40026600500.0,7.299265249686962e-06
40061376000.0,7.293278227478082e-06
40096151500.0,7.287300187396744e-06
40130927000.0,7.281331106664529e-06
40165702500.0,7.27537096385488e-06
40200478000.0,7.269419736976336e-06
40235253500.0,7.2634774041113905e-06
40270029000.0,7.257543942782515e-06
40304804500.0,7.251619331853962e-06
40339580000.0,7.245703549628236e-06
40374355500.0,7.239796578893389e-06
40409131000.0,7.2338984264011975e-06
40443906500.0,7.228009069930575e-06
40478682000.0,7.222128488590225e-06
40513457500.0,7.2162566609314565e-06
40548233000.0,7.2103935649522e-06
40583008500.0,7.204539194323251e-06
40617784000.0,7.198693542709466e-06
40652559500.0,7.192856588224894e-06
40687335000.0,7.187028309678331e-06
40722110500.0,7.181208686568748e-06
40756886000.0,7.175397697224921e-06
40791661500.0,7.169595320666277e-06
40826437000.0,7.163801536598373e-06
40861212500.0,7.15801632356203e-06
40895988000.0,7.152239685361135e-06
40930763500.0,7.146471605501874e-06
40965539000.0,7.140712063251064e-06
41000314500.0,7.134961038555362e-06
41035090000.0,7.129218510206083e-06
41069865500.0,7.123484457674849e-06
41104641000.0,7.117758884828358e-06
41139416500.0,7.11204177240537e-06
41174192000.0,7.10633310059981e-06
41208967500.0,7.100632848459503e-06
41243743000.0,7.094940995706339e-06
41278518500.0,7.089257522128835e-06
41313294000.0,7.083582408183915e-06
41348069500.0,7.0779156428060774e-06
41382845000.0,7.072257220350408e-06
41417620500.0,7.0666071207885926e-06
41452396000.0,7.060965324755902e-06
41487171500.0,7.055331811755868e-06
41521947000.0,7.04970656195607e-06
41556722500.0,7.044089582364428e-06
41591498000.0,7.038480854376218e-06
41626273500.0,7.0328803588522966e-06
41661049000.0,7.0272880755307946e-06
41695824500.0,7.021703984807907e-06
41730600000.0,7.0161280671436135e-06
41765375500.0,7.010560303061421e-06
41800151000.0,7.0050006731480945e-06
41834926500.0,6.999449158053407e-06
41869702000.0,6.993905738489877e-06
41904477500.0,6.988370413372783e-06
41939253000.0,6.982843175747358e-06
41974028500.0,6.9773240064121876e-06
42008804000.0,6.971812886227954e-06
42043579500.0,6.966309796117187e-06
42078355000.0,6.960814717064022e-06
42113130500.0,6.955327630113935e-06
42147906000.0,6.949848520422473e-06
42182681500.0,6.944377384157935e-06
42217457000.0,6.938914202485552e-06
42252232500.0,6.9334589572067055e-06
42287008000.0,6.928011629031038e-06
42321783500.0,6.922572220530885e-06
42356559000.0,6.917140712469888e-06
42391334500.0,6.911717086246177e-06
42426110000.0,6.90630132388836e-06
42460885500.0,6.900893406341775e-06
42495661000.0,6.895493315751687e-06
42530436500.0,6.890101033183357e-06
42565212000.0,6.884716540330629e-06
42599987500.0,6.87933982121059e-06
42634763000.0,6.873970880237483e-06
42669538500.0,6.868609698634271e-06
42704314000.0,6.86325625881158e-06
42739089500.0,6.857910542672547e-06
42773865000.0,6.852572532177871e-06
42808640500.0,6.847242209345576e-06
42843416000.0,6.841919557370357e-06
42878191500.0,6.8366045751467875e-06
42912967000.0,6.831297244247554e-06
42947742500.0,6.825997547418811e-06
42982518000.0,6.820705466348079e-06
43017293500.0,6.815420986668592e-06
43052069000.0,6.810144102923215e-06
43086844500.0,6.804874798028633e-06
43121620000.0,6.799613053849384e-06
43156395500.0,6.794358853411514e-06
43191171000.0,6.789112178692061e-06
43225946500.0,6.783873018874581e-06
43260722000.0,6.778641370302933e-06
43295497500.0,6.773417215057736e-06
43330273000.0,6.768200536371383e-06
43365048500.0,6.7629913164352484e-06
43399824000.0,6.757789538043017e-06
43434599500.00001,6.752595184586969e-06
43469375000.0,6.747408238422983e-06
43504150499.99999,6.742228683048875e-06
43538926000.0,6.73705652369423e-06
43573701500.0,6.731891742806533e-06
43608477000.0,6.726734323429322e-06
43643252500.0,6.721584248659081e-06
43678028000.0,6.7164415016450286e-06
43712803500.0,6.711306065588918e-06
43747579000.0,6.706177923744822e-06
43782354500.0,6.7010570594189385e-06
43817130000.0,6.695943474164817e-06
43851905500.0,6.6908371518688484e-06
43886681000.0,6.6857380759331384e-06
43921456500.0,6.6806462298113076e-06
43956232000.0,6.6755615970082954e-06
43991007500.0,6.670484161080162e-06
44025783000.0,6.665413915175597e-06
44060558500.0,6.660350846626969e-06
44095334000.0,6.655294939629199e-06
44130109500.0,6.65024617737e-06
44164885000.0,6.645204547303932e-06
44199660500.0,6.640170041125661e-06
44234436000.0,6.63514264266602e-06
44269211500.0,6.630122336329936e-06
44303987000.0,6.625109105522595e-06
44338762500.0,6.620102938927408e-06
44373538000.0,6.61510383047303e-06
44408313500.0,6.610111764191716e-06
44443089000.0,6.605126724164747e-06
44477864500.0,6.600148694002872e-06
44512640000.0,6.595177658405034e-06
44547415500.0,6.590213601598455e-06
44582191000.0,6.58525651044331e-06
44616966500.0,6.5803063806099825e-06
44651742000.0,6.57536319591121e-06
44686517500.0,6.570426941239059e-06
44721293000.0,6.565497600503427e-06
44756068500.0,6.56057516535797e-06
44790844000.0,6.5556596259338176e-06
44825619500.0,6.550750966247086e-06
44860395000.0,6.545849171384444e-06
44895170500.0,6.540954225457593e-06
44929946000.0,6.536066113645255e-06
44964721500.0,6.531184822694847e-06
44999497000.0,6.526310344971975e-06
45034272500.0,6.521442665760771e-06
45069048000.0,6.516581773929875e-06
45103823500.0,6.511727657870123e-06
45138599000.0,6.506880302471995e-06
45173374500.0,6.502039693175144e-06
45208150000.0,6.4972058144569975e-06
45242925500.0,6.492378658873616e-06
45277701000.0,6.4875582144810425e-06
45312476500.0,6.48274446636417e-06
45347252000.0,6.477937399153202e-06
45382027500.0,6.473136998523126e-06
45416803000.0,6.468343258160791e-06
45451578500.0,6.463556165293229e-06
45486354000.0,6.458775704699826e-06
45521129500.0,6.4540018617022626e-06
45555905000.0,6.449234622161307e-06
45590680500.0,6.4444739774166545e-06
45625456000.0,6.4397199148761704e-06
45660231500.0,6.434972419518326e-06
45695007000.0,6.430231482763894e-06
45729782500.0,6.4254970901544175e-06
45764558000.0,6.42076922776518e-06
45799333500.0,6.4160478861205e-06
45834109000.0,6.411333050385586e-06
45868884500.0,6.406624710653823e-06
45903660000.0,6.401922853628152e-06
45938435500.0,6.397227465075881e-06
45973211000.0,6.3925385351815885e-06
46007986500.0,6.387856050269219e-06
46042762000.0,6.383179999125762e-06
46077537500.0,6.378510370083033e-06
46112313000.0,6.37384714860464e-06
46147088500.0,6.369190324057583e-06
46181864000.0,6.364539884389935e-06
46216639500.0,6.359895816620451e-06
46251415000.0,6.355258110686398e-06
46286190500.0,6.350626753191975e-06
46320966000.0,6.346001730780198e-06
46355741500.0,6.341383033001407e-06
46390517000.0,6.336770647999401e-06
46425292500.0,6.332164564903306e-06
46460068000.0,6.327564770014064e-06
46494843500.0,6.322971251098685e-06
46529619000.0,6.318383997381562e-06
46564394500.0,6.313802996692873e-06
46599170000.0,6.309228237369457e-06
46633945500.0,6.304659707779468e-06
46668721000.0,6.300097395378835e-06
46703496500.0,6.29554129001384e-06
46738272000.0,6.290991378733581e-06
46773047500.0,6.286447650972375e-06
46807823000.0,6.28191009337765e-06
46842598500.0,6.277378696381566e-06
46877374000.0,6.272853446698326e-06
46912149500.0,6.268334333881863e-06
46946925000.0,6.263821345647748e-06
46981700500.0,6.259314471607703e-06
47016476000.0,6.254813699075656e-06
47051251500.0,6.2503190167939516e-06
47086027000.0,6.2458304135348374e-06
47120802500.0,6.2413478781003684e-06
47155578000.0,6.236871398860281e-06
47190353500.0,6.23240096467729e-06
47225129000.0,6.227936563982948e-06
47259904500.0,6.2234781852402335e-06
47294680000.0,6.219025818321341e-06
47329455500.0,6.2145794499132236e-06
47364231000.0,6.210139069947687e-06
47399006500.0,6.20570466746691e-06
47433782000.0,6.201276231541956e-06
47468557500.0,6.196853750360789e-06
47503333000.0,6.1924372130546e-06
47538108500.0,6.188026608783158e-06
47572884000.0,6.183621925826832e-06
47607659500.0,6.179223153858178e-06
47642435000.0,6.1748302807655826e-06
47677210500.0,6.170443296279381e-06
47711986000.0,6.166062190156e-06
47746761500.0,6.1616869499247e-06
47781537000.00001,6.157317565400402e-06
47816312500.0,6.152954025974529e-06
47851087999.99999,6.148596320168848e-06
47885863500.0,6.14424443743267e-06
47920639000.0,6.139898367242809e-06
47955414500.0,6.135558098210039e-06
47990190000.0,6.1312236198684765e-06
48024965500.0,6.12689492133402e-06
48059741000.0,6.122571992196407e-06
48094516500.0,6.118254821184118e-06
48129292000.0,6.113943397943409e-06
48164067500.0,6.109637711704519e-06
48198843000.0,6.105337751726341e-06
48233618500.0,6.101043507737914e-06
48268394000.0,6.096754968612948e-06
48303169500.0,6.092472124136041e-06
48337945000.0,6.08819496367849e-06
48372720500.0,6.083923476639772e-06
48407496000.0,6.07965765288585e-06
48442271500.0,6.075397481433233e-06
48477047000.0,6.071142952202505e-06
48511822500.0,6.066894054267124e-06
48546598000.0,6.062650777601923e-06
48581373500.0,6.058413111772199e-06
48616149000.0,6.054181046370767e-06
48650924500.0,6.049954571017865e-06
48685700000.0,6.045733675361063e-06
48720475500.0,6.041518349075172e-06
48755251000.0,6.0373085818621486e-06
48790026500.0,6.033104363451005e-06
48824802000.0,6.028905683597717e-06
48859577500.0,6.024712532085136e-06
48894353000.0,6.020524898722892e-06
48929128500.0,6.016342773776413e-06
48963904000.0,6.012166146250415e-06
48998679500.0,6.007995006463438e-06
49033455000.0,6.003829344331343e-06
49068230500.0,5.999669149796326e-06
49103006000.0,5.995514412826827e-06
49137781500.0,5.9913651229919775e-06
49172557000.0,5.987221270738511e-06
49207332500.0,5.983082845688818e-06
49242108000.0,5.978949837916638e-06
49276883500.0,5.974822237521522e-06
49311659000.0,5.970700034628735e-06
49346434500.0,5.966583218967306e-06
49381210000.0,5.962471781136147e-06
49415985500.0,5.958365710916484e-06
49450761000.0,5.954264998536779e-06
49485536500.0,5.950169634250797e-06
49520312000.0,5.946079607918578e-06
49555087500.0,5.9419949098453856e-06
49589863000.0,5.937915530361508e-06
49624638500.0,5.933841459822189e-06
49659414000.0,5.929772688190967e-06
49694189500.0,5.9257092058739035e-06
49728965000.0,5.921651003301756e-06
49763740500.0,5.917598070515079e-06
49798516000.0,5.913550397994943e-06
49833291500.0,5.9095079758332066e-06
49868067000.0,5.905470794560911e-06
49902842500.0,5.901438844733393e-06
49937618000.0,5.8974121165182495e-06
49972393500.0,5.893390600520293e-06
50007169000.0,5.889374287368377e-06
50041944500.0,5.885363167305094e-06
50076720000.0,5.881357230598638e-06
50111495500.0,5.87735646795179e-06
50146271000.0,5.8733608696825355e-06
50181046500.0,5.8693704265421555e-06
50215822000.0,5.865385129305488e-06
50250597500.0,5.8614049679572195e-06
50285373000.0,5.857429933727589e-06
50320148500.0,5.853460016651393e-06
50354924000.0,5.849495207600306e-06
50389699500.0,5.8455354970646e-06
50424475000.0,5.841580875559314e-06
50459250500.0,5.837631333624168e-06
50494026000.0,5.833686862226391e-06
50528801500.0,5.829747451551373e-06
50563577000.0,5.825813092614193e-06
50598352500.0,5.821883776051395e-06
50633128000.0,5.817959492924489e-06
50667903500.0,5.8140402335172605e-06
50702679000.0,5.810125988938445e-06
50737454500.0,5.806216749920133e-06
50772230000.0,5.802312507218382e-06
50807005500.0,5.798413251613134e-06
50841781000.0,5.794518974305548e-06
50876556500.0,5.790629666122012e-06
50911332000.0,5.786745317912574e-06
50946107500.0,5.782865920550857e-06
50980883000.0,5.778991464933981e-06
51015658500.0,5.775121942377192e-06
51050434000.0,5.771257343823299e-06
51085209500.0,5.767397660238385e-06
51119985000.0,5.76354288261173e-06
51154760500.0,5.759693001955729e-06
51189536000.0,5.755848009697843e-06
51224311500.0,5.752007896895416e-06
51259087000.0,5.748172654628687e-06
51293862500.0,5.744342274000717e-06
51328638000.0,5.74051674613731e-06
51363413500.0,5.736696062576316e-06
51398189000.0,5.732880214098915e-06
51432964500.0,5.729069192675345e-06
51467740000.0,5.725262988743977e-06
51502515500.0,5.721461594317781e-06
51537291000.0,5.717665000268661e-06
51572066500.0,5.713873198650996e-06
51606842000.0,5.710086179995394e-06
51641617500.0,5.706303936398412e-06
51676393000.0,5.702526458436856e-06
51711168500.0,5.698753738249181e-06
51745944000.0,5.6949857672253635e-06
51780719500.0,5.691222536394071e-06
51815495000.0,5.6874640375724664e-06
51850270500.0,5.683710262597836e-06
51885046000.0,5.6799612025643835e-06
51919821500.0,5.676216850113637e-06
51954597000.0,5.672477195620677e-06
51989372500.0,5.6687422306267e-06
52024148000.0,5.665011947832836e-06
52058923500.0,5.661286338061765e-06
52093699000.0,5.657565392917445e-06
52128474500.00001,5.653849104780991e-06
52163250000.0,5.650137464541496e-06
52198025499.99999,5.6464304642431e-06
52232801000.0,5.64272809594935e-06
52267576500.0,5.639030350991134e-06
52302352000.0,5.635337221097145e-06
52337127500.0,5.631648699141813e-06
52371903000.0,5.627964775768692e-06
52406678500.0,5.624285443142454e-06
52441454000.0,5.620610693820327e-06
52476229500.0,5.616940518884943e-06
52511005000.0,5.6132749101873585e-06
52545780500.0,5.6096138603430275e-06
52580556000.0,5.605957360870093e-06
52615331500.0,5.6023054033083835e-06
52650107000.0,5.598657980701573e-06
52684882500.0,5.595015084628726e-06
52719658000.0,5.591376706320815e-06
52754433500.0,5.587742839246248e-06
52789209000.0,5.5841134746758366e-06
52823984500.0,5.5804886042712605e-06
52858760000.0,5.576868221185964e-06
52893535500.0,5.573252317487276e-06
52928311000.0,5.569640884162157e-06
52963086500.0,5.566033914418623e-06
52997862000.0,5.562431400382745e-06
53032637500.0,5.558833333469598e-06
53067413000.0,5.5552397069402765e-06
53102188500.0,5.551650512613816e-06
53136964000.0,5.54806574232996e-06
53171739500.0,5.544485388675732e-06
53206515000.0,5.54090944461873e-06
53241290500.0,5.537337901693316e-06
53276066000.0,5.533770751817627e-06
53310841500.0,5.530207988737317e-06
53345617000.0,5.5266496040455734e-06
53380392500.0,5.5230955893572705e-06
53415168000.0,5.519545938468977e-06
53449943500.0,5.516000643033105e-06
53484719000.0,5.512459695441713e-06
53519494500.0,5.508923088822702e-06
53554270000.0,5.505390814887166e-06
53589045500.0,5.501862866798216e-06
53623821000.0,5.498339237020199e-06
53658596500.0,5.494819917322352e-06
53693372000.0,5.491304901276476e-06
53728147500.0,5.487794181045178e-06
53762923000.0,5.484287748810681e-06
53797698500.0,5.4807855978394735e-06
53832474000.0,5.477287720350054e-06
53867249500.0,5.473794109288337e-06
53902025000.0,5.470304757263331e-06
53936800500.0,5.4668196561958315e-06
53971576000.0,5.463338800142997e-06
54006351500.0,5.459862180709181e-06
54041127000.0,5.456389790927466e-06
54075902500.0,5.45292162419856e-06
54110678000.0,5.449457672184074e-06
54145453500.0,5.4459979283190995e-06
54180229000.0,5.44254238570368e-06
54215004500.0,5.439091036056169e-06
54249780000.0,5.435643873210496e-06
54284555500.0,5.432200889968259e-06
54319331000.0,5.428762078452169e-06
54354106500.0,5.425327432543281e-06
54388882000.0,5.421896944746962e-06
54423657500.0,5.418470607240321e-06
54458433000.0,5.41504841429832e-06
54493208500.0,5.4116303581322915e-06
54527984000.0,5.40821643131871e-06
54562759500.0,5.404806627832431e-06
54597535000.0,5.401400939938379e-06
54632310500.0,5.39799936060928e-06
54667086000.0,5.394601883522083e-06
54701861500.0,5.391208500994831e-06
54736637000.0,5.387819206393396e-06
54771412500.0,5.384433993099015e-06
54806188000.0,5.381052853482371e-06
54840963500.0,5.377675781299418e-06
54875739000.0,5.374302769978944e-06
54910514500.0,5.370933811602272e-06
54945290000.0,5.367568899972177e-06
54980065500.0,5.364208028565421e-06
55014841000.0,5.360851189516325e-06
55049616500.0,5.357498377351924e-06
55084392000.0,5.35414958457927e-06
55119167500.0,5.350804804400323e-06
55153943000.0,5.347464030708486e-06
55188718500.0,5.344127256061757e-06
55223494000.0,5.340794473710332e-06
55258269500.0,5.337465677593153e-06
55293045000.0,5.3341408606546725e-06
55327820500.0,5.330820016192039e-06
55362596000.0,5.327503137853354e-06
55397371500.0,5.324190218297159e-06
55432147000.0,5.320881251537364e-06
55466922500.0,5.317576231267198e-06
55501698000.0,5.314275149860538e-06
55536473500.0,5.310978001375719e-06
55571249000.0,5.307684779551528e-06
55606024500.0,5.3043954771444504e-06
55640800000.0,5.301110087924242e-06
55675575500.0,5.297828605674831e-06
55710351000.0,5.294551023532386e-06
55745126500.0,5.29127733498017e-06
55779902000.0,5.288007534176961e-06
55814677500.0,5.284741613975474e-06
55849453000.0,5.281479567904671e-06
55884228500.0,5.278221390166426e-06
55919004000.0,5.274967073661347e-06
55953779500.0,5.2717166119636856e-06
55988555000.0,5.268469999645677e-06
56023330500.0,5.2652272296545875e-06
56058106000.0,5.26198829495505e-06
56092881500.0,5.2587531904876455e-06
56127657000.0,5.255521909572743e-06
56162432500.0,5.252294445221082e-06
56197208000.0,5.249070792086712e-06
56231983500.0,5.245850943535445e-06
56266759000.0,5.242634892624531e-06
56301534500.0,5.239422633724342e-06
56336310000.0,5.236214161217408e-06
56371085500.0,5.233009467882264e-06
56405861000.0,5.229808547484004e-06
56440636500.0,5.226611394769439e-06
56475412000.00001,5.223418002564019e-06
56510187500.0,5.220228364354385e-06
56544962999.99999,5.217042475570114e-06
56579738500.0,5.2138603294032145e-06
56614514000.0,5.2106819190622934e-06
56649289500.0,5.207507239052732e-06
56684065000.0,5.204336283252373e-06
56718840500.0,5.201169045233888e-06
56753616000.0,5.19800551858519e-06
56788391500.0,5.194845698501824e-06
56823167000.0,5.191689578280041e-06
56857942500.0,5.18853715123237e-06
56892718000.0,5.185388412591497e-06
56927493500.0,5.182243356648507e-06
56962269000.0,5.179101976757506e-06
56997044500.0,5.17596426597254e-06
57031820000.0,5.172830217996412e-06
57066595500.0,5.169699828123722e-06
57101371000.0,5.166573091028095e-06
57136146500.0,5.163450000135987e-06
57170922000.0,5.160330549203972e-06
57205697500.0,5.1572147313755944e-06
57240473000.0,5.154102541378704e-06
57275248500.0,5.150993974891605e-06
57310024000.0,5.1478890254113105e-06
57344799500.0,5.1447876864505e-06
57379575000.0,5.1416899515374686e-06
57414350500.0,5.13859581421608e-06
57449126000.0,5.135505270535328e-06
57483901500.0,5.132418314374875e-06
57518677000.0,5.12933493931825e-06
57553452500.0,5.126255140514747e-06
57588228000.0,5.123178911574907e-06
57623003500.0,5.120106246743236e-06
57657779000.0,5.117037140895177e-06
57692554500.0,5.1139715873740405e-06
57727330000.0,5.110909581080477e-06
57762105500.0,5.107851116617995e-06
57796881000.0,5.104796187372016e-06
57831656500.0,5.101744788279614e-06
57866432000.0,5.098696913675007e-06
57901207500.0,5.095652557292465e-06
57935983000.0,5.092611714717147e-06
57970758500.0,5.089574379403142e-06
58005534000.0,5.086540545431015e-06
58040309500.0,5.083510208419506e-06
58075085000.0,5.080483361863887e-06
58109860500.0,5.077459999883589e-06
58144636000.0,5.074440117826835e-06
58179411500.0,5.071423709837327e-06
58214187000.0,5.068410769769236e-06
58248962500.0,5.065401293004853e-06
58283738000.0,5.062395273726202e-06
58318513500.0,5.059392705524762e-06
58353289000.0,5.056393584420562e-06
58388064500.0,5.053397904030373e-06
58422840000.0,5.050405658588249e-06
58457615500.0,5.047416843844264e-06
58492391000.0,5.044431454055404e-06
58527166500.0,5.0414494831920196e-06
58561942000.0,5.038470925238699e-06
58596717500.0,5.03549577539072e-06
58631493000.0,5.032524029152016e-06
58666268500.0,5.029555680244838e-06
58701044000.0,5.0265907230027035e-06
58735819500.0,5.023629151772111e-06
58770595000.0,5.020670962696636e-06
58805370500.0,5.0177161498474025e-06
58840146000.0,5.01476470730947e-06
58874921500.0,5.011816629181788e-06
58909697000.0,5.008871911352871e-06
58944472500.0,5.005930548831952e-06
58979248000.0,5.002992535753139e-06
59014023500.0,5.0000578662642955e-06
59048799000.0,4.997126534821543e-06
59083574500.0,4.994198537953114e-06
59118350000.0,4.991273869841634e-06
59153125500.0,4.988352524683333e-06
59187901000.0,4.985434496688005e-06
59222676500.0,4.982519780957457e-06
59257452000.0,4.979608373481343e-06
59292227500.0,4.976700268503734e-06
59327003000.0,4.973795460282118e-06
59361778500.0,4.970893943087369e-06
59396554000.0,4.967995712659288e-06
59431329500.0,4.96510076474587e-06
59466105000.0,4.962209093360664e-06
59500880500.0,4.9593206931116725e-06
59535656000.0,4.956435558039576e-06
59570431500.0,4.953553683935748e-06
59605207000.0,4.950675066021464e-06
59639982500.0,4.9477996983730814e-06
59674758000.0,4.944927577099891e-06
59709533500.0,4.942058696301657e-06
59744309000.0,4.939193051530831e-06
59779084500.0,4.9363306380614015e-06
59813860000.0,4.9334714503160795e-06
59848635500.0,4.93061548273047e-06
59883411000.0,4.927762730039439e-06
59918186500.0,4.9249131887060825e-06
59952962000.0,4.922066853199161e-06
59987737500.0,4.919223718285602e-06
60022513000.0,4.916383778173917e-06
60057288500.0,4.913547029079507e-06
60092064000.0,4.910713466086827e-06
60126839500.0,4.907883084006904e-06
60161615000.0,4.905055877378618e-06
60196390500.0,4.902231840753402e-06
60231166000.0,4.899410970960017e-06
60265941500.0,4.896593262852453e-06
60300717000.0,4.893778710731285e-06
60335492500.0,4.890967309474741e-06
60370268000.0,4.888159053972464e-06
60405043500.0,4.8853539402513715e-06
60439819000.0,4.882551962940103e-06
60474594500.0,4.879753117802896e-06
60509370000.0,4.876957399770868e-06
60544145500.0,4.874164803786403e-06
60578921000.0,4.871375325362838e-06
60613696500.0,4.868588959184175e-06
60648472000.0,4.865805701342632e-06
60683247500.0,4.863025546264353e-06
60718023000.0,4.860248489502822e-06
60752798500.0,4.857474526342438e-06
60787574000.0,4.8547036515218164e-06
60822349500.00001,4.851935861179661e-06
60857125000.0,4.849171149798038e-06
60891900499.99999,4.846409512979833e-06
60926676000.0,4.843650946060294e-06
60961451500.0,4.840895444108278e-06
60996227000.0,4.838143002755599e-06
61031002500.0,4.835393617091585e-06
61065778000.0,4.832647281940971e-06
61100553500.0,4.829903993515712e-06
61135329000.0,4.8271637466608455e-06
61170104500.0,4.824426536782026e-06
61204880000.0,4.821692359568836e-06
61239655500.0,4.818961209898122e-06
61274431000.0,4.816233083478925e-06
61309206500.0,4.813507975755814e-06
61343982000.0,4.810785881637191e-06
61378757500.0,4.8080667968607684e-06
61413533000.0,4.805350716900646e-06
61448308500.0,4.802637636696522e-06
61483084000.0,4.79992755228623e-06
61517859500.0,4.797220458901162e-06
61552635000.0,4.7945163515120654e-06
61587410500.0,4.791815226454818e-06
61622186000.0,4.7891170787197094e-06
61656961500.0,4.786421903578441e-06
61691737000.0,4.783729697122568e-06
61726512500.0,4.781040454373024e-06
61761288000.0,4.778354170631152e-06
61796063500.0,4.775670841746401e-06
61830839000.0,4.7729904630393384e-06
61865614500.0,4.770313030377377e-06
61900390000.0,4.767638539100206e-06
61935165500.0,4.764966984557643e-06
61969941000.0,4.7622983629118885e-06
62004716500.0,4.759632668996869e-06
62039492000.0,4.756969898458844e-06
62074267500.0,4.754310047486248e-06
62109043000.0,4.751653111209899e-06
62143818500.0,4.7489990850374055e-06
62178594000.0,4.7463479651832226e-06
62213369500.0,4.7436997468076905e-06
62248145000.0,4.741054425081927e-06
62282920500.0,4.738411996776273e-06
62317696000.0,4.7357724568153155e-06
62352471500.0,4.733135800399381e-06
62387247000.0,4.730502024322624e-06
62422022500.0,4.727871123539579e-06
62456798000.0,4.72524309354282e-06
62491573500.0,4.7226179303605895e-06
62526349000.0,4.719995629766363e-06
62561124500.0,4.717376187280004e-06
62595900000.0,4.714759598431002e-06
62630675500.0,4.712145859282082e-06
62665451000.0,4.709534965380757e-06
62700226500.0,4.706926912022861e-06
62735002000.0,4.704321695819343e-06
62769777500.0,4.7017193120839155e-06
62804553000.0,4.699119756401003e-06
62839328500.0,4.696523024364488e-06
62874104000.0,4.693929112357045e-06
62908879500.0,4.691338015470663e-06
62943655000.0,4.688749730104504e-06
62978430500.0,4.686164251628798e-06
63013206000.0,4.6835815759412485e-06
63047981500.0,4.681001699206368e-06
63082757000.0,4.6784246168220255e-06
63117532500.0,4.675850324711781e-06
63152308000.0,4.673278818807575e-06
63187083500.0,4.670710094535272e-06
63221859000.0,4.668144148358515e-06
63256634500.0,4.665580975720954e-06
63291410000.0,4.663020572588967e-06
63326185500.0,4.660462934937206e-06
63360961000.0,4.657908058492755e-06
63395736500.0,4.655355938991775e-06
63430512000.0,4.65280657294521e-06
63465287500.0,4.650259955595668e-06
63500063000.0,4.647716082960499e-06
63534838500.0,4.6451749513195985e-06
63569614000.0,4.6426365561977494e-06
63604389500.0,4.640100893637202e-06
63639165000.0,4.637567959688283e-06
63673940500.0,4.635037749902765e-06
63708716000.0,4.632510260854206e-06
63743491500.0,4.629985488111524e-06
63778267000.0,4.6274634275057496e-06
63813042500.0,4.624944075381094e-06
63847818000.0,4.622427427333126e-06
63882593500.0,4.619913479721919e-06
63917369000.0,4.6174022284118826e-06
63952144500.0,4.614893669025025e-06
63986920000.0,4.612387798196155e-06
64021695500.0,4.609884611814623e-06
64056471000.0,4.607384105277848e-06
64091246500.0,4.604886275493551e-06
64126022000.0,4.602391117876349e-06
64160797500.0,4.599898628599457e-06
64195573000.0,4.597408803843824e-06
64230348500.0,4.5949216395491764e-06
64265124000.0,4.592437131663747e-06
64299899500.0,4.58995527664102e-06
64334675000.0,4.587476070196963e-06
64369450500.0,4.584999508552488e-06
64404226000.0,4.582525587936114e-06
64439001500.0,4.580054304336633e-06
64473777000.0,4.577585653751206e-06
64508552500.0,4.575119632432128e-06
64543328000.0,4.572656236392699e-06
64578103500.0,4.570195462147031e-06
64612879000.0,4.567737305231982e-06
64647654500.0,4.565281762177147e-06
64682430000.0,4.5628288290278615e-06
64717205500.0,4.560378502082875e-06
64751981000.0,4.557930777158485e-06
64786756500.0,4.555485650569291e-06
64821532000.0,4.553043118881662e-06
64856307500.0,4.550603177691964e-06
64891083000.0,4.548165823581771e-06
64925858500.0,4.545731052408324e-06
64960634000.0,4.543298860767795e-06
64995409500.0,4.5408692445335535e-06
65030185000.0,4.538442200073456e-06
65064960500.0,4.5360177235200125e-06
65099736000.0,4.5335958112560465e-06
65134511500.0,4.53117645918745e-06
65169287000.00001,4.52875966395425e-06
65204062500.0,4.526345421478221e-06
65238837999.99999,4.523933728413681e-06
65273613500.0,4.521524580698205e-06
65308389000.0,4.519117974759551e-06
65343164500.0,4.516713906551532e-06
65377940000.0,4.51431237275733e-06
65412715500.0,4.511913369346393e-06
65447491000.0,4.509516892776223e-06
65482266500.0,4.5071229392718306e-06
65517042000.0,4.504731505305215e-06
65551817500.0,4.50234258711636e-06
65586593000.0,4.499956180952957e-06
65621368500.0,4.49757228307039e-06
65656144000.0,4.4951908899699375e-06
65690919500.0,4.492811997683826e-06
65725695000.0,4.490435602965837e-06
65760470500.0,4.488061701863441e-06
65795246000.0,4.485690290906892e-06
65830021500.0,4.4833213663963e-06
65864797000.0,4.480954924639328e-06
65899572500.0,4.4785909619511734e-06
65934348000.0,4.476229474890769e-06
65969123500.0,4.473870459551857e-06
66003899000.0,4.471513912743567e-06
66038674500.0,4.469159830574578e-06
66073450000.0,4.4668082093969745e-06
66108225500.0,4.464459045805245e-06
66143001000.0,4.462112336165805e-06
66177776500.0,4.459768076852451e-06
66212552000.0,4.457426264246346e-06
66247327500.0,4.455086894969992e-06
66282103000.0,4.452749965184983e-06
66316878500.0,4.450415471527965e-06
66351654000.0,4.448083410408879e-06
66386429500.0,4.44575377824494e-06
66421205000.0,4.443426571460612e-06
66455980500.0,4.441101786720122e-06
66490756000.0,4.438779420229618e-06
66525531500.0,4.436459468435214e-06
66560307000.0,4.434141928021997e-06
66595082500.0,4.4318267954499375e-06
66629858000.0,4.429514067186146e-06
66664633500.0,4.427203739704861e-06
66699409000.0,4.424895809487425e-06
66734184500.0,4.422590273022273e-06
66768960000.0,4.4202871268049066e-06
66803735500.0,4.417986367567991e-06
66838511000.0,4.4156879915907675e-06
66873286500.0,4.413391995619476e-06
66908062000.0,4.4110983759478525e-06
66942837500.0,4.4088071293356385e-06
66977613000.0,4.406518252090995e-06
67012388500.0,4.404231740987095e-06
67047164000.0,4.401947592574892e-06
67081939500.0,4.3996658031840435e-06
67116715000.0,4.397386369607746e-06
67151490500.0,4.395109288417632e-06
67186266000.0,4.392834556192192e-06
67221041500.0,4.390562169289502e-06
67255817000.0,4.388292124529213e-06
67290592500.0,4.3860244182835005e-06
67325368000.0,4.383759047385143e-06
67360143500.0,4.381496008446665e-06
67394919000.0,4.379235297861265e-06
67429694500.0,4.376976912255428e-06
67464470000.0,4.374720848487984e-06
67499245500.0,4.3724671029729905e-06
67534021000.0,4.3702156723570475e-06
67568796500.0,4.367966553293422e-06
67603572000.0,4.365719742442036e-06
67638347500.0,4.363475236469447e-06
67673123000.0,4.3612330320488325e-06
67707898500.0,4.3589931256359714e-06
67742674000.0,4.356755514141462e-06
67777449500.0,4.354520194034698e-06
67812225000.0,4.352287162015628e-06
67847000500.0,4.3500564147907355e-06
67881776000.0,4.347827949073023e-06
67916551500.0,4.345601761581999e-06
67951327000.0,4.343377848821256e-06
67986102500.0,4.341156207523714e-06
68020878000.0,4.338936834428744e-06
68055653500.0,4.336719726282156e-06
68090429000.0,4.33450487961469e-06
68125204500.0,4.332292291406699e-06
68159980000.0,4.3300819579811275e-06
68194755500.0,4.327873876331091e-06
68229531000.0,4.325668043014203e-06
68264306500.0,4.32346445481546e-06
68299082000.0,4.321263108526178e-06
68333857500.0,4.319064000724066e-06
68368633000.0,4.3168671282134924e-06
68403408500.0,4.314672487805095e-06
68438184000.0,4.3124800760965295e-06
68472959500.0,4.310289889911387e-06
68507735000.0,4.308101925860685e-06
68542510500.0,4.305916180780897e-06
68577286000.0,4.303732651296338e-06
68612061500.0,4.301551334256299e-06
68646837000.0,4.299372226298326e-06
68681612500.0,4.2971953242844655e-06
68716388000.0,4.295020625082896e-06
68751163500.0,4.292848125350663e-06
68785939000.0,4.290677821751574e-06
68820714500.0,4.288509711172994e-06
68855490000.0,4.28634379029176e-06
68890265500.0,4.2841800557914275e-06
68925041000.0,4.2820185045783965e-06
68959816500.0,4.279859133565093e-06
68994592000.0,4.277701939454231e-06
69029367500.0,4.27554691895517e-06
69064143000.0,4.273394068783899e-06
69098918500.0,4.271243385878088e-06
69133694000.0,4.2690948667516496e-06
69168469500.0,4.266948508569632e-06
69203245000.0,4.264804307859091e-06
69238020500.0,4.262662261368484e-06
69272796000.0,4.2605223660667845e-06
69307571500.0,4.258384618715065e-06
69342347000.0,4.256249015867333e-06
69377122500.0,4.254115554511418e-06
69411898000.0,4.251984231427838e-06
69446673500.0,4.2498550434035615e-06
69481449000.0,4.2477279872319905e-06
69516224500.0,4.245603059712948e-06
69551000000.0,4.243480257652657e-06
