Radius,Normalized_Density
0.0005,6.983377869390589
0.001,6.983377869390589
0.0015,6.983377869390591
0.002,6.983377869390589
0.0025,6.97868789096924
0.003,6.97868789096924
0.0035,6.97868789096924
0.004,6.973997912547888
0.0045,6.973997912547888
0.005,6.969307934126537
0.0055,6.969307934126539
0.006,6.964617955705189
0.0065,6.9646179557051875
0.007,6.959927977283837
0.0075,6.955237998862487
0.008,6.950548020441136
0.0085,6.945858042019786
0.009,6.941168063598436
0.0095,6.936478085177086
0.01,6.931788106755736
0.0105,6.927098128334385
0.011,6.922408149913035
0.0115,6.917718171491685
0.012,6.9083382146489845
0.0125,6.9036482362276335
0.013,6.898958257806283
0.0135,6.889578300963582
0.014,6.884888322542233
0.0145,6.875508365699532
0.015,6.870818387278182
0.0155,6.861438430435482
0.016,6.856748452014131
0.0165,6.84736849517143
0.017,6.83798853832873
0.0175,6.828608581486029
0.018,6.81922862464333
0.0185,6.809848667800628
0.019,6.8004687109579285
0.0195,6.791088754115227
0.02,6.781708797272527
0.0205,6.772328840429826
0.021,6.762948883587125
0.0215,6.753568926744425
0.022,6.744188969901725
0.0225,6.7348090130590235
0.023,6.720739077794973
0.0235,6.711359120952273
0.024,6.697289185688222
0.0245,6.687909228845519
0.025,6.67852927200282
0.0255,6.66445933673877
0.026,6.650389401474719
0.0265,6.641009444632019
0.027,6.626939509367968
0.0275,6.612869574103917
0.028,6.603489617261215
0.0285,6.589419681997164
0.029,6.575349746733113
0.0295,6.5612798114690625
0.03,6.55189985462636
0.0305,6.537829919362311
0.031,6.52375998409826
0.0315,6.5096900488342095
0.032,6.495620113570158
0.0325,6.481550178306108
0.033,6.467480243042057
0.0335,6.4534103077780065
0.034,6.434650394092604
0.0345,6.420580458828552
0.035,6.406510523564503
0.0355,6.3924405883004525
0.036,6.378370653036401
0.0365,6.359610739350999
0.037,6.34554080408695
0.0375,6.331470868822898
0.038,6.312710955137496
0.0385,6.298641019873448
0.039,6.279881106188046
0.0395,6.265811170923995
0.04,6.247051257238592
0.0405,6.232981321974542
0.041,6.2142214082891405
0.0415,6.200151473025089
0.042,6.181391559339688
0.0425,6.167321624075638
0.043,6.148561710390236
0.0435,6.129801796704835
0.044,6.115731861440785
0.0445,6.096971947755383
0.045,6.078212034069983
0.0455,6.064142098805932
0.046,6.0453821851205305
0.0465,6.026622271435129
0.047,6.007862357749729
0.0475,5.993792422485677
0.048,5.975032508800276
0.0485,5.956272595114876
0.049,5.9375126814294745
0.0495,5.918752767744073
0.05,5.89999285405867
0.0505,5.88592291879462
0.051,5.8671630051092185
0.0515,5.848403091423818
0.052,5.829643177738417
0.0525,5.810883264053016
0.053,5.792123350367614
0.0535,5.773363436682213
0.054,5.7546035229968115
0.0545,5.73584360931141
0.055,5.71708369562601
0.0555,5.6983237819406085
0.056,5.679563868255207
0.0565,5.660803954569806
0.057,5.6420440408844055
0.0575,5.623284127199003
0.058,5.604524213513602
0.0585,5.5857642998282
0.059,5.567004386142799
0.0595,5.548244472457399
0.06,5.529484558771998
0.0605,5.510724645086596
0.061,5.491964731401195
0.0615,5.473204817715794
0.062,5.454444904030393
0.0625,5.435684990344992
0.063,5.416925076659591
0.0635,5.398165162974189
0.064,5.379405249288789
0.0645,5.3559553571820375
0.065,5.337195443496636
0.0655,5.318435529811235
0.066,5.299675616125834
0.0665,5.280915702440432
0.067,5.262155788755032
0.0675,5.24339587506963
0.068,5.224635961384229
0.0685,5.205876047698827
0.069,5.187116134013426
0.0695,5.168356220328024
0.07,5.149596306642623
0.0705,5.130836392957223
0.071,5.112076479271821
0.0715,5.093316565586421
0.072,5.069866673479669
0.0725,5.051106759794268
0.073,5.032346846108866
0.0735,5.013586932423466
0.074,4.994827018738064
0.0745,4.976067105052663
0.075,4.957307191367263
0.0755,4.938547277681861
0.076,4.91978736399646
0.0765,4.901027450311058
0.077,4.8822675366256565
0.0775,4.863507622940256
0.078,4.844747709254854
0.0785,4.825987795569454
0.079,4.807227881884052
0.0795,4.788467968198651
0.08,4.76970805451325
0.0805,4.750948140827849
0.081,4.732188227142448
0.0815,4.7134283134570465
0.082,4.694668399771645
0.0825,4.677784477454784
0.083,4.659024563769383
0.0835,4.640733647926117
0.084,4.622442732082852
0.0845,4.604151816239585
0.085,4.585860900396319
0.0855,4.567569984553052
0.086,4.549279068709786
0.0865,4.53098815286652
0.087,4.5131662348653885
0.0875,4.494875319022124
0.088,4.477053401020992
0.0885,4.458762485177725
0.089,4.440940567176595
0.0895,4.423118649175463
0.09,4.4052967311743325
0.0905,4.387474813173201
0.091,4.36965289517207
0.0915,4.351830977170939
0.092,4.334009059169808
0.0925,4.316656139010813
0.093,4.298834221009681
0.0935,4.281481300850684
0.094,4.2636593828495535
0.0945,4.246306462690558
0.095,4.228953542531562
0.0955,4.211600622372565
0.096,4.19424770221357
0.0965,4.177363779896708
0.097,4.160010859737712
0.0975,4.142657939578716
0.098,4.125774017261855
0.0985,4.108890094944993
0.099,4.091537174785998
0.0995,4.074653252469137
0.1,4.057769330152276
0.1005,4.040885407835415
0.101,4.024470483360688
0.1015,4.007586561043827
0.102,3.9907026387269653
0.1025,3.9742877142522404
0.103,3.9578727897775146
0.1035,3.9409888674606535
0.104,3.9245739429859285
0.1045,3.9081590185112005
0.105,3.8917440940364747
0.1055,3.8757981674038837
0.106,3.859383242929158
0.1065,3.842968318454432
0.107,3.8270223918218402
0.1075,3.8110764651892506
0.108,3.7946615407145234
0.1085,3.778715614081932
0.109,3.7627696874493424
0.1095,3.7468237608167514
0.11,3.7313468320262952
0.1105,3.7154009053937043
0.111,3.699923976603248
0.1115,3.6839780499706563
0.112,3.6685011211802006
0.1125,3.653024192389745
0.113,3.6375472635992896
0.1135,3.6220703348088334
0.114,3.6065934060183777
0.1145,3.591116477227921
0.115,3.5761085462796
0.1155,3.5606316174891446
0.116,3.5456236865408233
0.1165,3.5301467577503676
0.117,3.5151388268020463
0.1175,3.500130895853725
0.118,3.485122964905404
0.1185,3.4701150339570837
0.119,3.4555761008508976
0.1195,3.4405681699025767
0.12,3.4260292367963907
0.1205,3.4110213058480703
0.121,3.3964823727418842
0.1215,3.381943439635698
0.122,3.3674045065295117
0.1225,3.352865573423326
0.123,3.33832664031714
0.1235,3.324256705053089
0.124,3.309717771946903
0.1245,3.295178838840718
0.125,3.2811089035766665
0.1255,3.2670389683126153
0.126,3.252969033048565
0.1265,3.2388990977845142
0.127,3.2248291625204635
0.1275,3.2107592272564123
0.128,3.1966892919923606
0.1285,3.183088354570446
0.129,3.169018419306394
0.1295,3.155417481884479
0.13,3.1413475466204277
0.1305,3.1277466091985113
0.131,3.114145671776596
0.1315,3.10054473435468
0.132,3.0869437969327636
0.1325,3.0738118573529842
0.133,3.0602109199310674
0.1335,3.047078980351287
0.134,3.033478042929371
0.1345,3.0203461033495906
0.135,3.007214163769809
0.1355,2.994082224190029
0.136,2.980950284610248
0.1365,2.9678183450304667
0.137,2.9546864054506856
0.1375,2.941554465870905
0.138,2.9288915241332596
0.1385,2.9157595845534785
0.139,2.9030966428158327
0.1395,2.8904337010781873
0.14,2.8773017614984058
0.1405,2.8646388197607595
0.141,2.8519758780231146
0.1415,2.8397819341276027
0.142,2.8271189923899582
0.1425,2.814456050652312
0.143,2.802262106756801
0.1435,2.7895991650191556
0.144,2.777405221123645
0.1445,2.764742279385999
0.145,2.752548335490488
0.1455,2.7403543915949777
0.146,2.7281604476994668
0.1465,2.715966503803956
0.147,2.70424155775058
0.1475,2.69204761385507
0.148,2.679853669959559
0.1485,2.6681287239061833
0.149,2.6559347800106723
0.1495,2.6442098339572966
0.15,2.632484887903921
0.1505,2.620759941850545
0.151,2.609034995797169
0.1515,2.5973100497437938
0.152,2.585585103690418
0.1525,2.5738601576370423
0.153,2.562135211583666
0.1535,2.5508792633724258
0.154,2.5391543173190496
0.1545,2.527898369107809
0.155,2.516642420896568
0.1555,2.504917474843192
0.156,2.4936615266319517
0.1565,2.4824055784207113
0.157,2.4711496302094704
0.1575,2.460362679840365
0.158,2.4491067316291244
0.1585,2.437850783417883
0.159,2.427063833048778
0.1595,2.415807884837537
0.16,2.4050209344684315
0.1605,2.393764986257191
0.161,2.382978035888085
0.1615,2.372191085518979
0.162,2.3614041351498734
0.1625,2.3506171847807678
0.163,2.3398302344116626
0.1635,2.329043284042556
0.164,2.318256333673451
0.1645,2.3079383811464806
0.165,2.2971514307773746
0.1655,2.286833478250404
0.166,2.2760465278812982
0.1665,2.2657285753543275
0.167,2.2554106228273567
0.1675,2.2450926703003864
0.168,2.2347747177734156
0.1685,2.2244567652464453
0.169,2.214138812719474
0.1695,2.203820860192504
0.17,2.1935029076655335
0.1705,2.1836539529806975
0.171,2.1733360004537268
0.1715,2.1634870457688913
0.172,2.15316909324192
0.1725,2.143320138557085
0.173,2.1334711838722495
0.1735,2.123153231345279
0.174,2.1133042766604437
0.1745,2.1034553219756074
0.175,2.093606367290772
0.1755,2.084226410448071
0.176,2.0743774557632357
0.1765,2.0645285010784002
0.177,2.0551485442356996
0.1775,2.0452995895508637
0.178,2.035919632708163
0.1785,2.0260706780233275
0.179,2.0166907211806273
0.1795,2.007310764337926
0.18,1.9979308074952262
0.1805,1.9885508506525253
0.181,1.979170893809825
0.1815,1.969790936967124
0.182,1.9604109801244234
0.1825,1.9510310232817227
0.183,1.941651066439022
0.1835,1.9327401074384565
0.184,1.9233601505957558
0.1845,1.9144491915951907
0.185,1.9050692347524896
0.1855,1.8961582757519244
0.186,1.887247316751359
0.1865,1.8783363577507932
0.187,1.8694253987502278
0.1875,1.860514439749662
0.188,1.8516034807490966
0.1885,1.842692521748531
0.189,1.8337815627479657
0.1895,1.8248706037473996
0.19,1.8164286425889693
0.1905,1.807517683588404
0.191,1.7986067245878385
0.1915,1.7901647634294076
0.192,1.781722802270977
0.1925,1.7728118432704116
0.193,1.764369882111981
0.1935,1.7559279209535505
0.194,1.7474859597951198
0.1945,1.7390439986366892
0.195,1.7306020374782591
0.1955,1.7221600763198281
0.196,1.7137181151613976
0.1965,1.705276154002967
0.197,1.697303190686672
0.1975,1.6888612295282415
0.198,1.6808882662119462
0.1985,1.6724463050535152
0.199,1.6644733417372197
0.1995,1.6565003784209242
0.2,1.6480584172624937
0.2005,1.6400854539461984
0.201,1.6321124906299027
0.2015,1.6241395273136074
0.202,1.616166563997312
0.2025,1.608193600681016
0.203,1.6002206373647205
0.2035,1.5922476740484253
0.204,1.5847437085742642
0.2045,1.5767707452579687
0.205,1.568797781941674
0.2055,1.5612938164675132
0.206,1.5537898509933528
0.2065,1.5458168876770573
0.207,1.5383129222028966
0.2075,1.5308089567287366
0.208,1.522835993412441
0.2085,1.5153320279382803
0.209,1.5078280624641196
0.2095,1.5003240969899594
0.21,1.4928201315157987
0.2105,1.4853161660416385
0.211,1.4782811984096131
0.2115,1.4707772329354525
0.212,1.463273267461292
0.2125,1.4562382998292667
0.213,1.4487343343551062
0.2135,1.4416993667230806
0.214,1.43419540124892
0.2145,1.4271604336168946
0.215,1.4201254659848692
0.2155,1.412621500510709
0.216,1.4055865328786834
0.2165,1.398551565246658
0.217,1.3915165976146326
0.2175,1.3844816299826073
0.218,1.3774466623505817
0.2185,1.370411694718556
0.219,1.3638457249286657
0.2195,1.3568107572966404
0.22,1.3497757896646152
0.2205,1.3432098198747247
0.221,1.336174852242699
0.2215,1.3296088824528087
0.222,1.3225739148207833
0.2225,1.3160079450308928
0.223,1.3089729773988674
0.2235,1.302407007608977
0.224,1.2958410378190863
0.2245,1.2892750680291958
0.225,1.2827090982393057
0.2255,1.2761431284494154
0.226,1.269577158659525
0.2265,1.2630111888696345
0.227,1.256445219079744
0.2275,1.2503482471319887
0.228,1.2437822773420981
0.2285,1.2372163075522078
0.229,1.2311193356044523
0.2295,1.224553365814562
0.23,1.2184563938668067
0.2305,1.2118904240769162
0.231,1.205793452129161
0.2315,1.1996964801814054
0.232,1.1931305103915153
0.2325,1.1870335384437598
0.233,1.1809365664960043
0.2335,1.1748395945482488
0.234,1.1687426226004936
0.2345,1.162645650652738
0.235,1.1565486787049826
0.2355,1.1504517067572273
0.236,1.144823732651607
0.2365,1.1387267607038516
0.237,1.1326297887560963
0.2375,1.127001814650476
0.238,1.1209048427027206
0.2385,1.1152768685971004
0.239,1.109179896649345
0.2395,1.1035519225437247
0.24,1.097454950595969
0.2405,1.0918269764903488
0.241,1.0861990023847286
0.2415,1.0805710282791081
0.242,1.074943054173488
0.2425,1.0693150800678675
0.243,1.063687105962247
0.2435,1.0580591318566268
0.244,1.0524311577510064
0.2445,1.0468031836453857
0.245,1.0411752095397655
0.2455,1.0360162332762803
0.246,1.03038825917066
0.2465,1.0247602850650397
0.247,1.019601308801554
0.2475,1.0139733346959339
0.248,1.0088143584324487
0.2485,1.0031863843268285
0.249,0.9980274080633428
0.2495,0.9928684317998576
0.25,0.9872404576942373
0.2505,0.9820814814307519
0.251,0.9769225051672663
0.2515,0.971763528903781
0.252,0.9666045526402958
0.2525,0.9614455763768104
0.253,0.9562866001133251
0.2535,0.95112762384984
0.254,0.9459686475863547
0.2545,0.9408096713228692
0.255,0.9361196929015191
0.2555,0.9309607166380336
0.256,0.9258017403745483
0.2565,0.9211117619531979
0.257,0.9159527856897128
0.2575,0.9112628072683624
0.258,0.906103831004877
0.2585,0.9014138525835266
0.259,0.8967238741621766
0.2595,0.8915648978986913
0.26,0.8868749194773408
0.2605,0.8821849410559905
0.261,0.8774949626346402
0.2615,0.8728049842132898
0.262,0.8681150057919398
0.2625,0.8634250273705895
0.263,0.8587350489492389
0.2635,0.8540450705278889
0.264,0.8493550921065384
0.2645,0.8446651136851882
0.265,0.8399751352638379
0.2655,0.8357541546846226
0.266,0.8310641762632723
0.2665,0.826843195684057
0.267,0.8221532172627067
0.2675,0.8174632388413565
0.268,0.8132422582621411
0.2685,0.8085522798407909
0.269,0.8043312992615756
0.2695,0.8001103186823604
0.27,0.795889338103145
0.2705,0.7911993596817949
0.271,0.7869783791025795
0.2715,0.7827573985233645
0.272,0.7785364179441492
0.2725,0.7743154373649339
0.273,0.7700944567857185
0.2735,0.7658734762065033
0.274,0.761652495627288
0.2745,0.7574315150480725
0.275,0.7532105344688573
0.2755,0.7489895538896421
0.276,0.7447685733104269
0.2765,0.7410165905733466
0.277,0.7367956099941314
0.2775,0.7330436272570512
0.278,0.7288226466778359
0.2785,0.7246016660986205
0.279,0.7208496833615403
0.2795,0.7166287027823249
0.28,0.7128767200452448
0.2805,0.7091247373081645
0.281,0.7049037567289492
0.2815,0.701151773991869
0.282,0.6973997912547887
0.2825,0.6936478085177086
0.283,0.6894268279384933
0.2835,0.6856748452014132
0.284,0.6819228624643329
0.2845,0.6781708797272527
0.285,0.6744188969901725
0.2855,0.6706669142530922
0.286,0.6669149315160119
0.2865,0.6631629487789318
0.287,0.6598799638839865
0.2875,0.6561279811469063
0.288,0.6523759984098261
0.2885,0.6486240156727459
0.289,0.6453410307778006
0.2895,0.6415890480407204
0.29,0.63783706530364
0.2905,0.634554080408695
0.291,0.6308020976716147
0.2915,0.6275191127766696
0.292,0.6237671300395893
0.2925,0.6204841451446441
0.293,0.6172011602496988
0.2935,0.6134491775126186
0.294,0.6101661926176735
0.2945,0.6068832077227282
0.295,0.603600222827783
0.2955,0.5998482400907027
0.296,0.5965652551957575
0.2965,0.5932822703008123
0.297,0.5899992854058672
0.2975,0.5867163005109218
0.298,0.5834333156159768
0.2985,0.5801503307210314
0.299,0.5768673458260863
0.2995,0.5735843609311411
0.3,0.5703013760361959
0.3005,0.5674873889833856
0.301,0.5642044040884404
0.3015,0.5609214191934954
0.302,0.5576384342985501
0.3025,0.55482444724574
0.303,0.5515414623507947
0.3035,0.5487274752979845
0.304,0.5454444904030393
0.3045,0.5426305033502292
0.305,0.539347518455284
0.3055,0.5365335314024737
0.306,0.5332505465075286
0.3065,0.5304365594547185
0.307,0.5271535745597732
0.3075,0.524339587506963
0.308,0.5215256004541529
0.3085,0.5187116134013428
0.309,0.5154286285063975
0.3095,0.5126146414535874
0.31,0.509800654400777
0.3105,0.5069866673479669
0.311,0.5041726802951568
0.3115,0.5013586932423465
0.312,0.4985447061895364
0.3125,0.4957307191367262
0.313,0.49291673208391606
0.3135,0.4901027450311058
0.314,0.48728875797829574
0.3145,0.48447477092548547
0.315,0.48166078387267525
0.3155,0.47931579466200025
0.316,0.47650180760919014
0.3165,0.4736878205563798
0.317,0.47134283134570476
0.3175,0.4684819445086811
0.318,0.4658555565927249
0.3185,0.4632291686767687
0.319,0.4606027807608125
0.3195,0.4580232926290699
0.32,0.45544380449732713
0.3205,0.4528643163655845
0.321,0.4502848282338419
0.3215,0.44775223988631274
0.322,0.4452665513229971
0.3225,0.4427339629754679
0.323,0.4402482744121522
0.3235,0.4377625858488365
0.324,0.435276897285521
0.3245,0.43283810850641874
0.325,0.4303993197273166
0.3255,0.42796053094821446
0.326,0.4255686419533257
0.3265,0.4231298531742237
0.327,0.42073796417933496
0.3275,0.4183929749686598
0.328,0.41600108597377117
0.3285,0.4136560967630961
0.329,0.4113580073366344
0.3295,0.4090130181259593
0.33,0.4067149286994976
0.3305,0.4044168392730359
0.331,0.40211874984657436
0.3315,0.3998675602043261
0.332,0.39761637056207805
0.3325,0.39536518091982986
0.333,0.3931139912775818
0.3335,0.3909097014195471
0.334,0.3887054115615125
0.3345,0.3865011217034778
0.335,0.3842968318454433
0.3355,0.382139441771622
0.336,0.3799820516978009
0.3365,0.3778246616239797
0.337,0.3757141713343722
0.3375,0.37360368104476455
0.338,0.37149319075515685
0.3385,0.3693827004655493
0.339,0.36727221017594164
0.3395,0.3652086196705475
0.34,0.3631450291651534
0.3405,0.3611283384439727
0.341,0.3590647479385786
0.3415,0.357048057217398
0.342,0.3550313664962173
0.3425,0.35301467577503676
0.343,0.35104488483806956
0.3435,0.34902819411688896
0.344,0.3470584031799218
0.3445,0.3451355120271682
0.345,0.3431657210902011
0.3455,0.34124282993744737
0.346,0.3393199387846939
0.3465,0.3373970476319402
0.347,0.3354741564791866
0.3475,0.33359816511064655
0.348,0.3317221737421064
0.3485,0.3298461823735663
0.349,0.3279701910050261
0.3495,0.3261410994206995
0.35,0.32426510805215936
0.3505,0.3224360164678328
0.351,0.3206538246677197
0.3515,0.3188247330833931
0.352,0.3170425412832799
0.3525,0.3152134496989533
0.353,0.31347815768305376
0.3535,0.3116959658829406
0.354,0.30991377408282744
0.3545,0.3081784820669279
0.355,0.30644319005102827
0.3555,0.3047078980351287
0.356,0.30301950580344256
0.3565,0.30128421378754294
0.357,0.29959582155585684
0.3575,0.29790742932417075
0.358,0.29621903709248465
0.3585,0.294577544645012
0.359,0.29288915241332597
0.3595,0.29124765996585333
0.36,0.28960616751838075
0.3605,0.28796467507090806
0.361,0.286370082407649
0.3615,0.28472858996017636
0.362,0.2831339972969173
0.3625,0.2815394046336582
0.363,0.2799448119703991
0.3635,0.27839711909135356
0.364,0.2768025264280944
0.3645,0.2752548335490488
0.365,0.27370714067000323
0.3655,0.27215944779095763
0.366,0.27065865469612554
0.3665,0.26911096181708
0.367,0.26761016872224785
0.3675,0.26610937562741577
0.368,0.2646085825325837
0.3685,0.26310778943775154
0.369,0.26165389612713297
0.3695,0.2601531030323008
0.37,0.2586992097216823
0.3705,0.25724531641106374
0.371,0.2557914231004451
0.3715,0.25438442957404006
0.372,0.25293053626342143
0.3725,0.2515235427370164
0.373,0.2501165492106113
0.3735,0.24870955568420616
0.374,0.24730256215780103
0.3745,0.2459424684156095
0.375,0.24453547488920438
0.3755,0.24317538114701281
0.376,0.24181528740482122
0.3765,0.24045519366262966
0.377,0.23909509992043806
0.3775,0.23778190596246
0.378,0.23642181222026842
0.3785,0.23510861826229032
0.379,0.23379542430431222
0.3795,0.23248223034633414
0.38,0.23121593617256955
0.3805,0.2299027422145915
0.381,0.22863644804082686
0.3815,0.22732325408284884
0.382,0.22605695990908425
0.3825,0.22479066573531967
0.383,0.22352437156155505
0.3835,0.22230497717200404
0.384,0.22103868299823945
0.3845,0.21981928860868838
0.385,0.21859989421913725
0.3855,0.21738049982958618
0.386,0.21616110544003508
0.3865,0.21494171105048407
0.387,0.21376921644514646
0.3875,0.21254982205559542
0.388,0.21137732745025778
0.3885,0.21020483284492023
0.389,0.20903233823958267
0.3895,0.2078598436342451
0.39,0.20668734902890748
0.3905,0.20556175420778341
0.391,0.20438925960244583
0.3915,0.20326366478132177
0.392,0.20213806996019773
0.3925,0.2010124751390736
0.393,0.19988688031794957
0.3935,0.1987612854968255
0.394,0.19768259045991493
0.3945,0.19655699563879084
0.395,0.19547830060188034
0.3955,0.19439960556496969
0.396,0.19332091052805914
0.3965,0.19224221549114864
0.397,0.191163520454238
0.3975,0.19008482541732744
0.398,0.1890530301646304
0.3985,0.18802123491193337
0.399,0.18694253987502282
0.3995,0.1859107446223257
0.4,0.18487894936962862
0.4005,0.18384715411693156
0.401,0.182862258648448
0.4015,0.18183046339575093
0.402,0.18084556792726736
0.4025,0.17981377267457027
0.403,0.17882887720608676
0.4035,0.17784398173760319
0.404,0.17685908626911961
0.4045,0.17587419080063604
0.405,0.17488929533215253
0.4055,0.17395129964788245
0.406,0.1729664041793989
0.4065,0.17202840849512882
0.407,0.17109041281085874
0.4075,0.1701524171265887
0.408,0.16916752165810514
0.4085,0.16827642575804858
0.409,0.16733843007377855
0.4095,0.1664004343895085
0.41,0.1655093384894519
0.4105,0.16457134280518185
0.411,0.1636802469051253
0.4115,0.16278915100506874
0.412,0.1618511553207987
0.4125,0.16096005942074212
0.413,0.1600689635206856
0.4135,0.15922476740484254
0.414,0.15833367150478594
0.4145,0.1574425756047294
0.415,0.15659837948888633
0.4155,0.1557541833730433
0.416,0.15486308747298674
0.4165,0.15401889135714367
0.417,0.15317469524130062
0.4175,0.1523304991254576
0.418,0.15148630300961455
0.4185,0.150689006677985
0.419,0.1498448105621419
0.4195,0.14904751423051238
0.42,0.14820331811466933
0.4205,0.14740602178303974
0.421,0.1466087254514102
0.4215,0.14581142911978068
0.422,0.14501413278815115
0.4225,0.1442168364565216
0.423,0.143419540124892
0.4235,0.14262224379326247
0.424,0.1418249474616329
0.4245,0.14107455091421686
0.425,0.14027725458258733
0.4255,0.1395268580351713
0.426,0.13877646148775524
0.4265,0.1380260649403392
0.427,0.13727566839292316
0.4275,0.1365252718455071
0.428,0.13577487529809107
0.4285,0.135024478750675
0.429,0.13427408220325895
0.4295,0.1335705854400564
0.43,0.13282018889264033
0.4305,0.13211669212943783
0.431,0.13141319536623527
0.4315,0.1306627988188192
0.432,0.12995930205561668
0.4325,0.12925580529241412
0.433,0.1285523085292116
0.4335,0.12784881176600907
0.434,0.1271453150028065
0.4345,0.12648871802381748
0.435,0.12578522126061492
0.4355,0.12512862428162588
0.436,0.12442512751842334
0.4365,0.12376853053943429
0.437,0.12306503377623176
0.4375,0.12240843679724268
0.438,0.12175183981825366
0.4385,0.12109524283926461
0.439,0.1204386458602756
0.4395,0.11978204888128652
0.44,0.11912545190229751
0.4405,0.11851575470752197
0.441,0.1178591577285329
0.4415,0.1172025607495439
0.442,0.11659286355476836
0.4425,0.11593626657577931
0.443,0.11532656938100377
0.4435,0.11471687218622822
0.444,0.11410717499145269
0.4445,0.11349747779667713
0.445,0.1128408808176881
0.4455,0.11227808340712607
0.446,0.1116683862123505
0.4465,0.111058689017575
0.447,0.11044899182279946
0.4475,0.10983929462802391
0.448,0.10927649721746187
0.4485,0.10866680002268633
0.449,0.10810400261212433
0.4495,0.10749430541734876
0.45,0.10693150800678673
0.4505,0.1063687105962247
0.451,0.10580591318566267
0.4515,0.10524311577510062
0.452,0.10468031836453859
0.4525,0.10411752095397656
0.453,0.10355472354341452
0.4535,0.1029919261328525
0.454,0.10242912872229047
0.4545,0.10191323109594191
0.455,0.1013504336853799
0.4555,0.10078763627481786
0.456,0.10027173864846929
0.4565,0.09970894123790726
0.457,0.09919304361155874
0.4575,0.09867714598521021
0.458,0.09816124835886167
0.4585,0.09759845094829965
0.459,0.09708255332195109
0.4595,0.09656665569560258
0.46,0.09605075806925403
0.4605,0.0955348604429055
0.461,0.0950658626007705
0.4615,0.09454996497442195
0.462,0.09403406734807343
0.4625,0.0935181697217249
0.463,0.09304917187958986
0.4635,0.09253327425324132
0.464,0.09206427641110629
0.4645,0.09154837878475776
0.465,0.09107938094262272
0.4655,0.09061038310048769
0.466,0.09009448547413917
0.4665,0.08962548763200413
0.467,0.0891564897898691
0.4675,0.08868749194773408
0.468,0.08821849410559905
0.4685,0.08774949626346401
0.469,0.08728049842132897
0.4695,0.08681150057919396
0.47,0.08638940252127243
0.4705,0.08592040467913742
0.471,0.08545140683700238
0.4715,0.08502930877908084
0.472,0.08456031093694583
0.4725,0.0840913130948108
0.473,0.08366921503688927
0.4735,0.08324711697896774
0.474,0.08277811913683271
0.4745,0.08235602107891117
0.475,0.08193392302098966
0.4755,0.08146492517885463
0.476,0.08104282712093311
0.4765,0.08062072906301158
0.477,0.08019863100509005
0.4775,0.07977653294716852
0.478,0.079354434889247
0.4785,0.07893233683132546
0.479,0.07855713855761744
0.4795,0.07813504049969591
0.48,0.0777129424417744
0.4805,0.07729084438385286
0.481,0.07691564611014481
0.4815,0.0764935480522233
0.482,0.07611834977851528
0.4825,0.07569625172059376
0.483,0.07532105344688574
0.4835,0.07489895538896421
0.484,0.07452375711525619
0.4845,0.07414855884154815
0.485,0.07372646078362664
0.4855,0.07335126250991861
0.486,0.07297606423621059
0.4865,0.07260086596250258
0.487,0.07222566768879454
0.4875,0.07185046941508653
0.488,0.0714752711413785
0.4885,0.07110007286767048
0.489,0.07072487459396244
0.4895,0.07034967632025443
0.49,0.06997447804654641
0.4905,0.0696461795570519
0.491,0.06927098128334387
0.4915,0.06889578300963585
0.492,0.06856748452014132
0.4925,0.0681922862464333
0.493,0.06781708797272526
0.4935,0.06748878948323074
0.494,0.06716049099373622
0.4945,0.0667852927200282
0.495,0.0664569942305337
0.4955,0.06608179595682567
0.496,0.06575349746733114
0.4965,0.06542519897783662
0.497,0.06509690048834209
0.4975,0.06472170221463408
0.498,0.06439340372513955
0.4985,0.06406510523564504
0.499,0.06373680674615051
0.4995,0.063408508256656
0.5,0.06308020976716147
0.5005,0.06275191127766695
0.501,0.06242361278817242
0.5015,0.0621422140828914
0.502,0.06181391559339689
0.5025,0.061485617103902365
0.503,0.061157318614407846
0.5035,0.06082902012491332
0.504,0.060547621419632304
0.5045,0.060219322930137785
0.505,0.05993792422485677
0.5055,0.05960962573536224
0.506,0.059328227030081226
0.5065,0.0589999285405867
0.507,0.0587185298353057
0.5075,0.05839023134581117
0.508,0.05810883264053017
0.5085,0.05778053415103562
0.509,0.057499135445754614
0.5095,0.0572177367404736
0.51,0.056936338035192574
0.5105,0.05660803954569807
0.511,0.05632664084041705
0.5115,0.056045242135136016
0.512,0.055763843429855006
0.5125,0.055482444724573976
0.513,0.055201046019292974
0.5135,0.05491964731401196
0.514,0.05463824860873095
0.5145,0.05435684990344991
0.515,0.0540754511981689
0.5155,0.053794052492887885
0.516,0.05351265378760686
0.5165,0.05327815486653934
0.517,0.052996756161258325
0.5175,0.052715357455977316
0.518,0.05243395875069631
0.5185,0.05219945982962878
0.519,0.05191806112434776
0.5195,0.051636662419066746
0.52,0.05140216349799923
0.5205,0.05112076479271822
0.521,0.05088626587165071
0.5215,0.050604867166369666
0.522,0.050370368245302166
0.5225,0.05008896954002114
0.523,0.04985447061895363
0.5235,0.04961997169788612
0.524,0.049338572992605106
0.5245,0.04910407407153759
0.525,0.04886957515047007
0.5255,0.04858817644518904
0.526,0.04835367752412154
0.5265,0.048119178603054036
0.527,0.047884679681986515
0.5275,0.047650180760918995
0.528,0.04741568183985149
0.5285,0.047181182918783954
0.529,0.04689978421350295
0.5295,0.04668873518454218
0.53,0.046454236263474676
0.5305,0.046219737342407155
0.531,0.045989928399760995
0.5315,0.04575542947869347
0.532,0.04552562053604732
0.5325,0.0453005015718225
0.533,0.04507069262917633
0.5335,0.044845573664951524
0.534,0.04462045470072671
0.5345,0.044400025714923234
0.535,0.04417490675069843
0.5355,0.04395447776489496
0.536,0.04373873875751285
0.5365,0.04351830977170938
0.537,0.04330257076432728
0.5375,0.04308683175694516
0.538,0.04287109274956305
0.5385,0.04265535374218093
0.539,0.04244430471322017
0.5395,0.04223325568425941
0.54,0.04202220665529865
0.5405,0.04181115762633788
0.541,0.04160479857579846
0.5415,0.041398439525259054
0.542,0.04119208047471963
0.5425,0.04098572142418023
0.543,0.04078405235206217
0.5435,0.040582383279944095
0.544,0.04038071420782604
0.5445,0.04017904513570797
0.545,0.03997737606358993
0.5455,0.039780396969893196
0.546,0.03958341787619649
0.5465,0.039386438782499776
0.547,0.03919414966722442
0.5475,0.03900186055194905
0.548,0.038804881458252345
0.5485,0.03861728232139833
0.549,0.03842499320612297
0.5495,0.03823270409084761
0.55,0.038045104953993596
0.5505,0.03785750581713958
0.551,0.037669906680285574
0.5515,0.03748699752185291
0.552,0.037299398384998905
0.5525,0.03711648922656623
0.553,0.036933580068133576
0.5535,0.03675067090970091
0.554,0.0365724517296896
0.5545,0.03638954257125694
0.555,0.03621132339124563
0.5555,0.03603310421123431
0.556,0.03585957500964435
0.5565,0.03568135582963305
0.557,0.03550782662804309
0.5575,0.035334297426453116
0.558,0.035160768224863165
0.5585,0.0349872390232732
0.559,0.034813709821683234
0.5595,0.03464487059851463
0.56,0.03447603137534602
0.5605,0.03430719215217741
0.561,0.0341383529290088
0.5615,0.03397420368426154
0.562,0.03380536446109293
0.5625,0.033641215216345666
0.563,0.033477065971598406
0.5635,0.033312916726851154
0.564,0.03315345746052523
0.5645,0.032989308215777974
0.565,0.03282984894945206
0.5655,0.032670389683126154
0.566,0.03251093041680024
0.5665,0.032351471150474334
0.567,0.03219670186256977
0.5675,0.03203724259624387
0.568,0.0318824733083393
0.5685,0.03172770402043475
0.569,0.03157293473253018
0.5695,0.03142285542304698
0.57,0.03126808613514242
0.5705,0.03111800682565921
0.571,0.030967927516175997
0.5715,0.030817848206692793
0.572,0.03066776889720958
0.5725,0.03051768958772637
0.573,0.030372300256664507
0.5735,0.03022691092560265
0.574,0.03007683161611944
0.5745,0.029931442285057588
0.575,0.029790742932417073
0.5755,0.02964535360135522
0.576,0.0295046542487147
0.5765,0.029359264917652846
0.577,0.029218565565012337
0.5775,0.029077866212371833
0.578,0.028937166859731318
0.5785,0.028801157485512166
0.579,0.028660458132871644
0.5795,0.028524448758652492
0.58,0.028383749406011977
0.5805,0.02824774003179283
0.581,0.02811173065757367
0.5815,0.027980411261775858
0.582,0.027844401887556696
0.5825,0.02770839251333754
0.583,0.027577073117539732
0.5835,0.027445753721741926
0.584,0.027314434325944117
0.5845,0.027183114930146315
0.585,0.0270517955343485
0.5855,0.02692516611697205
0.586,0.02679384672117423
0.5865,0.026667217303797782
0.587,0.026540587886421316
0.5875,0.026413958469044867
0.588,0.026287329051668404
0.5885,0.02616069963429194
0.589,0.02603876019533683
0.5895,0.02591213077796038
0.59,0.025790191339005272
0.5905,0.02566825190005017
0.591,0.025546312461095053
0.5915,0.025424373022139953
0.592,0.02530243358318484
0.5925,0.025180494144229734
0.593,0.025063244683695973
0.5935,0.02494130524474087
0.594,0.02482405578420711
0.5945,0.024706806323673357
0.595,0.024589556863139597
0.5955,0.024472307402605847
0.596,0.02435505794207208
0.5965,0.024242498459959676
0.597,0.024125248999425915
0.5975,0.024012689517313515
0.598,0.023900130035201105
0.5985,0.0237875705530887
0.599,0.02367501107097629
0.5995,0.02356245158886388
0.6,0.023449892106751476
0.6005,0.023342022603060415
0.601,0.02322946312094801
0.6015,0.023121593617256957
0.602,0.0230137241135659
0.6025,0.02290585460987484
0.603,0.02279798510618378
0.6035,0.022690115602492733
0.604,0.022582246098801665
0.6045,0.022474376595110614
0.605,0.022371197069840906
0.6055,0.022263327566149852
0.606,0.02216014804088014
0.6065,0.022056968515610436
0.607,0.02195378899034073
0.6075,0.021850609465071027
0.608,0.021747429939801315
0.6085,0.02164425041453161
0.609,0.021545760867683252
0.6095,0.021442581342413544
0.61,0.02134409179556519
0.6105,0.021245602248716838
0.611,0.021147112701868483
0.6115,0.02104393317659877
0.612,0.020945443629750416
0.6125,0.02085164406132341
0.613,0.020753154514475056
0.6135,0.0206546649676267
0.614,0.020560865399199692
0.6145,0.02046237585235134
0.615,0.02036857628392433
0.6155,0.02027477671549733
0.616,0.02018097714707032
0.6165,0.02008717757864331
0.617,0.019993378010216306
0.6175,0.019899578441789304
0.618,0.0198057788733623
0.6185,0.01971666928335664
0.619,0.019622869714929634
0.6195,0.019533760124923978
0.62,0.019444650534918322
0.6205,0.01935085096649132
0.621,0.019261741376485658
0.6215,0.019172631786480005
0.622,0.01908352219647435
0.6225,0.018999102584890046
0.623,0.018909992994884387
0.6235,0.01882088340487873
0.624,0.018736463793294432
0.6245,0.018647354203288776
0.625,0.018562934591704463
0.6255,0.018478514980120164
0.626,0.018394095368535857
0.6265,0.01830967575695155
0.627,0.018225256145367248
0.6275,0.01814083653378294
0.628,0.01805641692219864
0.6285,0.017971997310614326
0.629,0.017892267677451376
0.6295,0.01780784806586707
0.63,0.017728118432704113
0.6305,0.017643698821119807
0.631,0.017563969187956857
0.6315,0.017484239554793897
0.632,0.017404509921630944
0.6325,0.017324780288467987
0.633,0.017245050655305037
0.6335,0.017165321022142077
0.634,0.017085591388979127
0.6345,0.01701055173423752
0.635,0.016930822101074567
0.6355,0.016855782446332956
0.636,0.016776052813170007
0.6365,0.0167010131584284
0.637,0.016625973503686796
0.6375,0.01655093384894519
0.638,0.016475894194203585
0.6385,0.01640085453946198
0.639,0.016325814884720378
0.6395,0.016250775229978767
0.64,0.016175735575237167
0.6405,0.016105385898916913
0.641,0.01603034624417531
0.6415,0.015955306589433702
0.642,0.015884956913113448
0.6425,0.01581460723679319
0.643,0.01573956758205159
0.6435,0.015669217905731336
0.644,0.01559886822941108
0.6445,0.015528518553090826
0.645,0.015458168876770572
0.6455,0.015387819200450315
0.646,0.015317469524130066
0.6465,0.015251809826231158
0.647,0.015181460149910906
0.6475,0.01511111047359065
0.648,0.015045450775691747
0.6485,0.01497510109937149
0.649,0.014909441401472589
0.6495,0.014843781703573684
0.65,0.014773432027253432
0.6505,0.014707772329354524
0.651,0.01464211263145562
0.6515,0.014576452933556715
0.652,0.014510793235657812
0.6525,0.014445133537758907
0.653,0.014379473839860003
0.6535,0.014318504120382452
0.654,0.014252844422483549
0.6545,0.014187184724584644
0.655,0.014126215005107091
0.6555,0.014060555307208181
0.656,0.01399958558773063
0.6565,0.013933925889831725
0.657,0.013872956170354176
0.6575,0.013811986450876617
0.658,0.013751016731399066
0.6585,0.013690047011921511
0.659,0.013629077292443958
0.6595,0.013568107572966403
0.66,0.013507137853488848
0.6605,0.013446168134011297
0.661,0.01338519841453374
0.6615,0.013324228695056188
0.662,0.013267948953999983
0.6625,0.013206979234522428
0.663,0.013150699493466228
0.6635,0.013089729773988673
0.664,0.013033450032932468
0.6645,0.012972480313454916
0.665,0.012916200572398711
0.6655,0.012859920831342509
0.666,0.012803641090286309
0.6665,0.0127473613492301
0.667,0.012691081608173898
0.6675,0.012634801867117693
0.668,0.012578522126061491
0.6685,0.012522242385005287
0.669,0.012465962643949086
0.6695,0.01240968290289288
0.67,0.012358093140258028
0.6705,0.012301813399201823
0.671,0.012245533658145619
0.6715,0.012193943895510767
0.672,0.012137664154454565
0.6725,0.012086074391819706
0.673,0.012029794650763504
0.6735,0.011978204888128651
0.674,0.011926615125493801
0.6745,0.011875025362858945
0.675,0.011823435600224093
0.6755,0.011767155859167891
0.676,0.011715566096533037
0.6765,0.011663976333898183
0.677,0.011612386571263332
0.6775,0.01156548678704983
0.678,0.011513897024414974
0.6785,0.011462307261780122
0.679,0.011410717499145268
0.6795,0.011363817714931763
0.68,0.01131222795229691
0.6805,0.011260638189662057
0.681,0.011213738405448554
0.6815,0.011162148642813702
0.682,0.011115248858600199
0.6825,0.011063659095965345
0.683,0.011016759311751844
0.6835,0.01096985952753834
0.684,0.010922959743324837
0.6845,0.010871369980689983
0.685,0.010824470196476484
0.6855,0.010777570412262977
0.686,0.010730670628049476
0.6865,0.010683770843835972
0.687,0.01063687105962247
0.6875,0.010589971275408965
0.688,0.010547761469616812
0.6885,0.010500861685403309
0.689,0.010453961901189806
0.6895,0.010407062116976305
0.69,0.010364852311184152
0.6905,0.01031795252697065
0.691,0.010275742721178496
0.6915,0.010228842936964992
0.692,0.01018663313117284
0.6925,0.010139733346959338
0.693,0.010097523541167186
0.6935,0.010050623756953682
0.694,0.010008413951161529
0.6945,0.009966204145369377
0.695,0.009923994339577224
0.6955,0.009881784533785073
0.696,0.009839574727992918
0.6965,0.009797364922200767
0.697,0.009755155116408613
0.6975,0.00971294531061646
0.698,0.009670735504824307
0.6985,0.009628525699032157
0.699,0.009586315893240003
0.6995,0.009544106087447851
0.7,0.009506586260077048
0.7005,0.009464376454284896
0.701,0.009422166648492743
0.7015,0.009384646821121941
0.702,0.009342437015329786
0.7025,0.009304917187958985
0.703,0.009262707382166831
0.7035,0.009225187554796031
0.704,0.009187667727425228
0.7045,0.009145457921633075
0.705,0.009107938094262273
0.7055,0.009070418266891471
0.706,0.009032898439520667
0.7065,0.008990688633728516
0.707,0.00895316880635771
0.7075,0.00891564897898691
0.708,0.008878129151616107
0.7085,0.008840609324245305
0.709,0.008807779475295855
0.7095,0.008770259647925051
0.71,0.00873273982055425
0.7105,0.008695219993183446
0.711,0.008657700165812642
0.7115,0.008624870316863192
0.712,0.00858735048949239
0.7125,0.008549830662121586
0.713,0.008517000813172136
0.7135,0.008479480985801334
0.714,0.008446651136851882
0.7145,0.00841382128790243
0.715,0.008376301460531628
0.7155,0.008343471611582175
0.716,0.008310641762632721
0.7165,0.00827312193526192
0.717,0.008240292086312466
0.7175,0.008207462237363015
0.718,0.008174632388413565
0.7185,0.008141802539464112
0.719,0.00810897269051466
0.7195,0.008076142841565208
0.72,0.008043312992615756
0.7205,0.008010483143666303
0.721,0.0079823432731382
0.7215,0.00794951342418875
0.722,0.007916683575239298
0.7225,0.007883853726289846
0.723,0.007855713855761743
0.7235,0.007827573985233644
0.724,0.00779943411470554
0.7245,0.00776660426575609
0.725,0.007738464395227985
0.7255,0.007710324524699884
0.726,0.007682184654171784
0.7265,0.0076540447836436825
0.727,0.007621214934694229
0.7275,0.007593075064166127
0.728,0.007564935193638024
0.7285,0.007536795323109924
0.729,0.007508655452581823
0.7295,0.00748051558205372
0.73,0.0074523757115256195
0.7305,0.007424235840997518
0.731,0.007396095970469415
0.7315,0.007367956099941312
0.732,0.00733981622941321
0.7325,0.007311676358885111
0.733,0.007283536488357009
0.7335,0.007255396617828906
0.734,0.007227256747300803
0.7345,0.007199116876772702
0.735,0.0071709770062446014
0.7355,0.007142837135716499
0.736,0.007114697265188396
0.7365,0.007086557394660296
0.737,0.007058417524132193
0.7375,0.007034967632025443
0.738,0.007006827761497341
0.7385,0.006978687890969239
0.739,0.006950548020441137
0.7395,0.006922408149913036
0.74,0.006898958257806284
0.7405,0.006870818387278182
0.741,0.00684267851675008
0.7415,0.006814538646221979
0.742,0.0067910887541152275
0.7425,0.006762948883587126
0.743,0.006734809013059022
0.7435,0.006711359120952272
0.744,0.00668321925042417
0.7445,0.006655079379896068
0.745,0.006631629487789317
0.7455,0.006603489617261217
0.746,0.006580039725154464
0.7465,0.006551899854626362
0.747,0.0065284499625196096
0.7475,0.00650031009199151
0.748,0.006472170221463408
0.7485,0.0064487203293566555
0.749,0.006420580458828554
0.7495,0.0063971305667218014
0.75,0.0063689906961937005
0.7505,0.006345540804086949
0.751,0.006322090911980198
0.7515,0.006293951041452096
0.752,0.006270501149345345
0.7525,0.006242361278817242
0.753,0.006218911386710491
0.7535,0.006195461494603739
0.754,0.006167321624075638
0.7545,0.006143871731968886
0.755,0.006120421839862135
0.7555,0.006092281969334032
0.756,0.006068832077227282
0.7565,0.006045382185120529
0.757,0.006017242314592429
0.7575,0.005993792422485676
0.758,0.0059703425303789266
0.7585,0.0059468926382721735
0.759,0.005918752767744073
0.7595,0.005895302875637321
0.76,0.005871852983530571
0.7605,0.005848403091423818
0.761,0.005824953199317067
0.7615,0.005801503307210315
0.762,0.005773363436682214
0.7625,0.005749913544575461
0.763,0.00572646365246871
0.7635,0.005703013760361958
0.764,0.005679563868255207
0.7645,0.005656113976148455
0.765,0.005632664084041705
0.7655,0.005609214191934953
0.766,0.005585764299828201
0.7665,0.005562314407721449
0.767,0.005538864515614698
0.7675,0.0055154146235079455
0.768,0.005491964731401195
0.7685,0.005468514839294444
0.769,0.005445064947187692
0.7695,0.00542161505508094
0.77,0.005398165162974189
0.7705,0.005374715270867438
0.771,0.005351265378760688
0.7715,0.0053278154866539355
0.772,0.005304365594547184
0.7725,0.005285605680861782
0.773,0.005262155788755031
0.7735,0.005238705896648279
0.774,0.005215256004541528
0.7745,0.005191806112434777
0.775,0.005168356220328026
0.7755,0.005149596306642624
0.776,0.0051261464145358725
0.7765,0.00510269652242912
0.777,0.00507924663032237
0.7775,0.005060486716636968
0.778,0.0050370368245302175
0.7785,0.005013586932423465
0.779,0.004994827018738064
0.7795,0.004971377126631313
0.78,0.004947927234524562
0.7805,0.004929167320839159
0.781,0.004905717428732409
0.7815,0.004882267536625657
0.782,0.004863507622940256
0.7825,0.004840057730833504
0.783,0.0048166078387267535
0.7835,0.004797847925041352
0.784,0.0047743980329346
0.7845,0.0047556381192491995
0.785,0.004732188227142447
0.7855,0.004713428313457047
0.786,0.004689978421350296
0.7865,0.004669342516296353
0.787,0.004648706611242412
0.7875,0.004627601708346336
0.788,0.00460649680545026
0.7885,0.004585391902554183
0.789,0.004564755997500242
0.7895,0.004544120092446301
0.79,0.0045230151895502245
0.7905,0.004502379284496282
0.791,0.004481743379442343
0.7915,0.004461107474388401
0.792,0.004440940567176595
0.7925,0.0044203046621226535
0.793,0.004400137754910847
0.7935,0.004379501849856905
0.794,0.004359334942645099
0.7945,0.0043391680354332935
0.795,0.004319001128221487
0.7955,0.004298834221009681
0.796,0.004278667313797874
0.7965,0.004258500406586068
0.797,0.004238802497216396
0.7975,0.004219104587846725
0.798,0.004198937680634919
0.7985,0.0041792397712652465
0.799,0.004159541861895577
0.7995,0.004139843952525905
0.8,0.004120146043156234
0.8005,0.004100448133786562
0.801,0.004081219222259027
0.8015,0.004061521312889354
0.802,0.004042292401361819
0.8025,0.004023063489834282
0.803,0.004003365580464612
0.8035,0.003984136668937074
0.804,0.003965376755251674
0.8045,0.003946147843724138
0.805,0.003926918932196603
0.8055,0.003908159018511202
0.806,0.003888930106983664
0.8065,0.0038701701932982633
0.807,0.003850941281770728
0.8075,0.0038321813680853253
0.808,0.0038134214543999244
0.8085,0.0037946615407145235
0.809,0.0037763706248712583
0.8095,0.003757610711185855
0.81,0.003738850797500455
0.8105,0.0037205598816571887
0.811,0.003702268965813923
0.8115,0.0036835090521285213
0.812,0.0036652181362852557
0.8125,0.003646927220441989
0.813,0.0036286363045987223
0.8135,0.003610814386597592
0.814,0.0035925234707543264
0.8145,0.0035742325549110603
0.815,0.0035564106369099283
0.8155,0.0035385887189087976
0.816,0.0035202978030655315
0.8165,0.0035024758850644
0.817,0.003484653967063269
0.8175,0.003466832049062138
0.818,0.003449010131061006
0.8185,0.0034316572109020114
0.819,0.0034138352929008794
0.8195,0.0033964823727418826
0.82,0.0033791294525828876
0.8205,0.003361307534581757
0.821,0.00334395461442276
0.8215,0.003326601694263765
0.822,0.003309248774104767
0.8225,0.0032918958539457726
0.823,0.003275011931628911
0.8235,0.0032576590114699144
0.824,0.0032403060913109186
0.8245,0.0032234221689940584
0.825,0.0032065382466771966
0.8255,0.003189654324360336
0.826,0.0031727704020434746
0.8265,0.003155886479726614
0.827,0.0031390025574097526
0.8275,0.0031221186350928916
0.828,0.0031057037106181655
0.8285,0.003088819788301304
0.829,0.003072404863826578
0.8295,0.0030555209415097178
0.83,0.003039106017034991
0.8305,0.0030226910925602647
0.831,0.0030062761680855385
0.8315,0.002989861243610813
0.832,0.0029734463191360863
0.8325,0.0029575003925034968
0.833,0.0029410854680287694
0.8335,0.0029251395413961794
0.834,0.0029087246169214524
0.8345,0.0028927786902888616
0.835,0.0028768327636562708
0.8355,0.00286088683702368
0.836,0.0028449409103910887
0.8365,0.002828994983758498
0.837,0.0028130490571259066
0.8375,0.0027971031304933162
0.838,0.0027816262017028594
0.8385,0.002765680275070269
0.839,0.0027502033462798127
0.8395,0.0027347264174893567
0.84,0.002718780490856766
0.8405,0.00270330356206631
0.841,0.002687826633275854
0.8415,0.0026728187023275334
0.842,0.002657341773537077
0.8425,0.0026418648447466215
0.843,0.002626387915956165
0.8435,0.0026113799850078444
0.844,0.0025963720540595234
0.8445,0.002580895125269068
0.845,0.002565887194320746
0.8455,0.0025508792633724253
0.846,0.002535871332424104
0.8465,0.002521332399317919
0.847,0.0025063244683695978
0.8475,0.002491316537421277
0.848,0.002476777604315091
0.8485,0.0024617696733667703
0.849,0.002447230740260583
0.8495,0.0024322228093122634
0.85,0.0024176838762060768
0.8505,0.002403144943099891
0.851,0.0023886060099937052
0.8515,0.002374067076887519
0.852,0.002359997141623468
0.8525,0.0023454582085172832
0.853,0.002330919275411096
0.8535,0.002316849340147046
0.854,0.00230231040704086
0.8545,0.002288240471776809
0.855,0.0022741705365127577
0.8555,0.0022601006012487068
0.856,0.0022460306659846563
0.8565,0.002231960730720606
0.857,0.0022178907954565545
0.8575,0.002204289858034639
0.858,0.0021902199227705876
0.8585,0.0021766189853486724
0.859,0.0021625490500846206
0.8595,0.002148948112662705
0.86,0.0021353471752407894
0.8605,0.0021217462378188734
0.861,0.0021076763025548225
0.8615,0.002094075365132907
0.862,0.0020809434255531258
0.8625,0.00206734248813121
0.863,0.002053741550709294
0.8635,0.0020406096111295134
0.864,0.002027008673707597
0.8645,0.002013876734127817
0.865,0.0020007447945480355
0.8655,0.0019871438571261203
0.866,0.001974011917546339
0.8665,0.0019608799779665584
0.867,0.0019477480383867773
0.8675,0.0019350850966491316
0.868,0.001921953157069351
0.8685,0.00190882121748957
0.869,0.0018961582757519241
0.8695,0.0018830263361721432
0.87,0.0018703633944344975
0.8705,0.0018577004526968517
0.871,0.001845037510959206
0.8715,0.0018323745692215606
0.872,0.0018197116274839143
0.8725,0.001807048685746269
0.873,0.0017943857440086228
0.8735,0.0017817228022709772
0.874,0.0017695288583754662
0.8745,0.0017568659166378208
0.875,0.0017446719727423096
0.8755,0.0017320090310046637
0.876,0.0017198150871091532
0.8765,0.0017076211432136422
0.877,0.0016954271993181317
0.8775,0.0016832332554226207
0.878,0.0016710393115271103
0.8785,0.0016588453676315996
0.879,0.0016471204215782235
0.8795,0.001634926477682713
0.88,0.001623201531629337
0.8805,0.0016110075877338258
0.881,0.0015992826416804504
0.8815,0.0015875576956270745
0.882,0.001575832749573699
0.8825,0.001563638805678188
0.883,0.0015523828574669479
0.8835,0.0015406579114135717
0.884,0.001528932965360196
0.8845,0.0015172080193068202
0.885,0.0015059520710955796
0.8855,0.001494227125042204
0.886,0.0014829711768309633
0.8865,0.0014712462307775876
0.887,0.001459990282566347
0.8875,0.001448734334355106
0.888,0.0014374783861438654
0.8885,0.0014262224379326246
0.889,0.001414966489721384
0.8895,0.001403710541510143
0.89,0.0013929235911410377
0.8905,0.0013816676429297967
0.891,0.0013704116947185563
0.8915,0.0013596247443494506
0.892,0.0013488377939803449
0.8925,0.0013375818457691039
0.893,0.0013267948953999986
0.8935,0.0013160079450308928
0.894,0.0013052209946617871
0.8945,0.0012944340442926814
0.895,0.0012836470939235757
0.8955,0.001273329141396605
0.896,0.0012625421910274996
0.8965,0.0012517552406583936
0.897,0.001241437288131423
0.8975,0.0012311193356044521
0.898,0.0012203323852353468
0.8985,0.001210014432708376
0.899,0.0011996964801814054
0.8995,0.0011893785276544347
0.9,0.0011790605751274643
0.9005,0.0011687426226004937
0.901,0.001158424670073523
0.9015,0.0011485757153886873
0.902,0.0011382577628617164
0.9025,0.001128408808176881
0.903,0.0011180908556499103
0.9035,0.0011082419009650745
0.904,0.0010983929462802392
0.9045,0.0010880749937532683
0.905,0.001078226039068433
0.9055,0.0010683770843835972
0.906,0.0010589971275408966
0.9065,0.001049148172856061
0.907,0.0010392992181712255
0.9075,0.0010294502634863897
0.908,0.0010200703066436893
0.9085,0.0010102213519588535
0.909,0.001000841395116153
0.9095,0.0009914614382734524
0.91,0.0009816124835886168
0.9105,0.000972232526745916
0.911,0.0009628525699032157
0.9115,0.0009534726130605149
0.912,0.0009445616540599494
0.9125,0.0009351816972172486
0.913,0.0009258017403745482
0.9135,0.0009168907813739825
0.914,0.0009075108245312822
0.9145,0.0008985998655307167
0.915,0.0008892199086880161
0.9155,0.0008803089496874501
0.916,0.0008713979906868847
0.9165,0.000862487031686319
0.917,0.0008535760726857537
0.9175,0.000844665113685188
0.918,0.0008357541546846226
0.9185,0.0008268431956840569
0.919,0.0008184012345256264
0.9195,0.0008094902755250609
0.92,0.0008010483143666304
0.9205,0.0007921373553660647
0.921,0.0007836953942076343
0.9215,0.0007752534330492038
0.922,0.0007668114718907731
0.9225,0.0007583695107323427
0.923,0.0007499275495739122
0.9235,0.0007414855884154817
0.924,0.0007330436272570512
0.9245,0.0007246016660986207
0.925,0.0007166287027823251
0.9255,0.0007081867416238945
0.926,0.0007002137783075991
0.9265,0.0006917718171491684
0.927,0.0006837988538328729
0.9275,0.0006758258905165775
0.928,0.000667852927200282
0.9285,0.0006598799638839864
0.929,0.0006519070005676911
0.9295,0.0006439340372513954
0.93,0.0006359610739350999
0.9305,0.0006279881106188045
0.931,0.0006204841451446441
0.9315,0.0006125111818283485
0.932,0.0006050072163541881
0.9325,0.0005975032508800276
0.933,0.0005895302875637322
0.9335,0.0005820263220895716
0.934,0.0005745223566154112
0.9345,0.0005670183911412507
0.935,0.0005595144256670902
0.9355,0.0005520104601929298
0.936,0.0005449754925609042
0.9365,0.0005374715270867438
0.937,0.0005299675616125834
0.9375,0.0005229325939805579
0.938,0.0005158976263485324
0.9385,0.0005083936608743719
0.939,0.0005013586932423465
0.9395,0.0004943237256103211
0.94,0.00048728875797829564
0.9405,0.00048025379034627024
0.941,0.00047321882271424484
0.9415,0.00046637145421907336
0.942,0.00045943028615547484
0.9425,0.00045262981744451704
0.943,0.00044582934873355903
0.9435,0.0004390288800226012
0.944,0.0004323222108800702
0.9445,0.0004256155417375392
0.945,0.0004190026721634353
0.9455,0.00041238980258933146
0.946,0.000405823832799441
0.9465,0.00039935166257797766
0.947,0.0003928794923565141
0.9475,0.00038645422191926443
0.948,0.0003800758512662279
0.9485,0.0003736974806131915
0.949,0.0003674129095285821
0.9495,0.0003611283384439727
0.95,0.0003548906671435768
0.9505,0.00034869989562739446
0.951,0.000342602923679639
0.9515,0.0003365059517318837
0.952,0.0003304558795683418
0.9525,0.00032445270718901343
0.953,0.00031844953480968504
0.9535,0.0003125401619987836
0.954,0.0003066776889720958
0.9545,0.00030081521594540794
0.955,0.00029499964270293346
0.9555,0.00028927786902888623
0.956,0.0002835560953548388
0.9565,0.000277881221465005
0.957,0.00027225324735938457
0.9575,0.0002666721730379778
0.958,0.00026113799850078443
0.9585,0.0002556507237478046
0.959,0.00025021034877903826
0.9595,0.0002448168735944854
0.96,0.00023942339840993257
0.9605,0.00023412372279380675
0.961,0.00022882404717768087
0.9615,0.0002236181711299821
0.962,0.00021845919486649672
0.9625,0.0002133002186030114
0.963,0.0002081881421237396
0.9635,0.00020316986521289477
0.964,0.00019815158830204993
0.9645,0.0001931802111754187
0.965,0.00018825573383300084
0.9655,0.00018342505605901005
0.966,0.00017859437828501924
0.9665,0.00017381060029524192
0.967,0.00016907372208967814
0.9675,0.00016443064345254133
0.968,0.00015978756481540454
0.9685,0.00015519138596248127
0.969,0.00015064210689377146
0.9695,0.00014618662739348872
0.97,0.0001417311478932059
0.9705,0.00013732256817713666
0.971,0.00013300778802949437
0.9715,0.0001286930078818521
0.972,0.00012447202730263683
0.9725,0.00012029794650763506
0.973,0.0001161707654968468
0.9735,0.00011209048427027206
0.974,0.00010805710282791079
0.9745,0.00010407062116976306
0.975,0.00010017793908004228
0.9755,9.628525699032158e-05
0.976,9.24863744690278e-05
0.9765,8.87812915161611e-05
0.977,8.507620856329436e-05
0.9775,8.146492517885463e-05
0.978,7.79474413628419e-05
0.9785,7.44299575468292e-05
0.979,7.105317308345696e-05
0.9795,6.767638862008477e-05
0.98,6.439340372513955e-05
0.9805,6.120421839862135e-05
0.981,5.806193285631665e-05
0.9815,5.501344688243897e-05
0.982,5.2058760476988275e-05
0.9825,4.9150973855751095e-05
0.983,4.632760684609821e-05
0.9835,4.3579279491186946e-05
0.984,4.0910681769438626e-05
0.9845,3.831243372401056e-05
0.985,3.5789225333324095e-05
0.9855,3.3336366618957897e-05
0.986,3.0953857580911944e-05
0.9865,2.86370082407649e-05
0.987,2.6390508576938107e-05
0.9875,2.420966861101022e-05
0.988,2.2099178321402586e-05
0.9885,2.005434772969386e-05
0.989,1.8084556792726737e-05
0.9895,1.618511553207987e-05
0.99,1.4365403904595954e-05
0.9905,1.2634801867117697e-05
0.991,1.1002689376487794e-05
0.9915,9.469066432706245e-06
0.992,8.052692949458456e-06
0.9925,6.748878948323075e-06
0.993,5.57169436456415e-06
0.9935,4.522077193865954e-06
0.994,3.5976824470178112e-06
0.9945,2.799448119703991e-06
0.995,2.1236222291874136e-06
0.9955,1.5645768013624584e-06
0.996,1.1148078707549652e-06
0.9965,7.64466482680098e-07
0.997,5.013586932423465e-07
0.9975,3.120711641566487e-07
0.998,1.8267465951159397e-07
0.9985,9.909924404313174e-08
0.999,4.8916474934683564e-08
0.9995,2.1358161730829242e-08
1.0,7.968273337874152e-09
