Velocity_Range,Normalized_Distribution
0.0,2327525152.458446
9.171252292813072e-07,2327525152.458446
1.8342504585626143e-06,2327520946.696274
2.751375687843922e-06,2327513937.096479
3.668500917125229e-06,2327504123.6647964
4.585626146406536e-06,2327491506.409254
5.502751375687844e-06,2327476085.3401823
6.419876604969151e-06,2327457860.470197
7.337001834250458e-06,2327436831.8142204
8.254127063531765e-06,2327412999.3894663
9.171252292813073e-06,2327386363.215451
1.008837752209438e-05,2327356923.3139863
1.1005502751375687e-05,2327324679.709188
1.1922627980656996e-05,2327289632.4274764
1.2839753209938302e-05,2327251781.4975724
1.375687843921961e-05,2327211126.9505057
1.4674003668500916e-05,2327167668.819612
1.5591128897782225e-05,2327121407.1405396
1.650825412706353e-05,2327072341.9512467
1.7425379356344837e-05,2327020473.2920065
1.8342504585626146e-05,2326965801.2054105
1.925962981490745e-05,2326908325.7363706
2.017675504418876e-05,2326848046.9321213
2.1093880273470066e-05,2326784964.842219
2.201100550275137e-05,2326719079.518551
2.2928130732032684e-05,2326650391.0153375
2.384525596131399e-05,2326578899.3891335
2.476238119059529e-05,2326504604.6988316
2.5679506419876604e-05,2326427507.0056663
2.6596631649157916e-05,2326347606.373218
2.751375687843922e-05,2326264902.8674192
2.8430882107720524e-05,2326179396.5565524
2.9348007337001836e-05,2326091087.511263
3.0265132566283145e-05,2325999975.8045545
3.118225779556445e-05,2325906061.5117974
3.209938302484575e-05,2325809344.710739
3.301650825412706e-05,2325709825.481498
3.393363348340837e-05,2325607503.9065723
3.485075871268967e-05,2325502380.0708523
3.576788394197098e-05,2325394454.0616145
3.668500917125229e-05,2325283725.9685335
3.76021344005336e-05,2325170195.8836875
3.851925962981491e-05,2325053863.9015594
3.943638485909621e-05,2324934730.119049
4.035351008837752e-05,2324812794.6354733
4.127063531765883e-05,2324688057.552573
4.218776054694013e-05,2324560518.9745226
4.310488577622144e-05,2324430179.0079336
4.402201100550275e-05,2324297037.7618628
4.493913623478406e-05,2324161095.347812
4.585626146406537e-05,2324022351.8797483
4.677338669334667e-05,2323880807.4740973
4.769051192262798e-05,2323736462.2497573
4.860763715190929e-05,2323589316.328106
4.952476238119059e-05,2323439369.833006
5.04418876104719e-05,2323286622.89081
5.135901283975321e-05,2323131075.6303735
5.227613806903452e-05,2322972728.183061
5.319326329831583e-05,2322811580.68275
5.411038852759713e-05,2322647633.2658443
5.502751375687844e-05,2322480886.071277
5.594463898615975e-05,2322311339.240523
5.686176421544105e-05,2322138992.9176025
5.777888944472236e-05,2321963847.249098
5.869601467400367e-05,2321785902.3841515
5.9613139903284975e-05,2321605158.474482
6.053026513256629e-05,2321421615.6743913
6.144739036184759e-05,2321235274.140771
6.23645155911289e-05,2321046134.0331163
6.32816408204102e-05,2320854195.513531
6.41987660496915e-05,2320659458.7467403
6.511589127897281e-05,2320461923.9000964
6.603301650825412e-05,2320261591.1435914
6.695014173753543e-05,2320058460.649866
6.786726696681674e-05,2319852532.5942197
6.878439219609805e-05,2319643807.15462
6.970151742537935e-05,2319432284.5117154
7.061864265466066e-05,2319217964.8488398
7.153576788394196e-05,2319000848.352029
7.245289311322327e-05,2318780935.2100286
7.337001834250458e-05,2318558225.6143064
7.428714357178589e-05,2318332719.759059
7.52042688010672e-05,2318104417.8412266
7.612139403034851e-05,2317873320.0605054
7.703851925962982e-05,2317639426.619355
7.795564448891111e-05,2317402737.72301
7.887276971819242e-05,2317163253.579495
7.978989494747373e-05,2316920974.3996315
8.070702017675504e-05,2316675900.397055
8.162414540603635e-05,2316428031.7882237
8.254127063531766e-05,2316177368.792427
8.345839586459897e-05,2315923911.6318083
8.437552109388026e-05,2315667660.5313625
8.529264632316157e-05,2315408615.7189603
8.620977155244288e-05,2315146777.425359
8.712689678172419e-05,2314882145.884207
8.80440220110055e-05,2314614721.3320656
8.896114724028681e-05,2314344504.008418
8.987827246956812e-05,2314071494.155685
9.079539769884944e-05,2313795692.019231
9.171252292813072e-05,2313517097.8473854
9.262964815741204e-05,2313235711.8914533
9.354677338669334e-05,2312951534.4057264
9.446389861597463e-05,2312664565.647498
9.538102384525596e-05,2312374805.8770795
9.629814907453728e-05,2312082255.35781
9.721527430381856e-05,2311786914.356074
9.813239953309988e-05,2311488783.141312
9.904952476238118e-05,2311187861.9860377
9.996664999166247e-05,2310884151.16585
0.0001008837752209,2310577650.9594483
0.0001018009004502,2310268361.6486487
0.0001027180256795,2309956283.518395
0.0001036351509087,2309641416.8567767
0.000104552276138,2309323761.955044
0.0001054694013673,2309003319.107618
0.0001063865265966,2308680088.6121144
0.0001073036518259,2308354070.7693496
0.0001082207770551,2308025265.8833613
0.0001091379022844,2307693674.261425
0.0001100550275137,2307359296.2140646
0.000110972152743,2307022132.055073
0.0001118892779723,2306682182.1015224
0.0001128064032016,2306339446.67379
0.0001137235284308,2305993926.0955625
0.0001146406536601,2305645620.69386
0.0001155577788894,2305294530.799049
0.0001164749041187,2304940656.7448573
0.000117392029348,2304583998.8683963
0.0001183091545772,2304224557.510172
0.0001192262798065,2303862333.0141044
0.0001201434050358,2303497325.7275424
0.0001210605302651,2303129536.0012846
0.0001219776554944,2302758964.18959
0.0001228947807236,2302385610.650202
0.0001238119059529,2302009475.7443576
0.0001247290311822,2301630559.8368144
0.0001256461564115,2301248863.295863
0.0001265632816408,2300864386.49334
0.0001274804068701,2300477129.8046546
0.0001283975320993,2300087093.608801
0.0001293146573286,2299694278.2883744
0.0001302317825579,2299298684.229598
0.0001311489077872,2298900311.822328
0.0001320660330165,2298499161.4600835
0.0001329831582457,2298095233.5400577
0.000133900283475,2297688528.4631395
0.0001348174087043,2297279046.6339293
0.0001357345339336,2296866788.460761
0.0001366516591629,2296451754.3557186
0.0001375687843921,2296033944.734653
0.0001384859096214,2295613360.017206
0.0001394030348507,2295190000.626825
0.00014032016008,2294763866.9907827
0.0001412372853093,2294334959.5401955
0.0001421544105386,2293903278.7100496
0.0001430715357678,2293468824.9392085
0.0001439886609971,2293031598.670442
0.0001449057862264,2292591600.350441
0.0001458229114557,2292148830.4298396
0.000146740036685,2291703289.363234
0.0001476571619142,2291254977.609201
0.0001485742871435,2290803895.6303167
0.0001494914123728,2290350043.893184
0.0001504085376021,2289893422.8684425
0.0001513256628314,2289434033.030796
0.0001522427880606,2288971874.8590293
0.0001531599132899,2288506948.83603
0.0001540770385192,2288039255.448806
0.0001549941637485,2287568795.188511
0.0001559112889778,2287095568.5504603
0.0001568284142071,2286619576.034156
0.0001577455394363,2286140818.1433024
0.0001586626646656,2285659295.3858314
0.0001595797898949,2285175008.2739205
0.0001604969151242,2284687957.3240166
0.0001614140403535,2284198143.0568533
0.0001623311655827,2283705565.997476
0.000163248290812,2283210226.6752605
0.0001641654160413,2282712125.6239357
0.0001650825412706,2282211263.3816037
0.0001659996664999,2281707640.4907618
0.0001669167917291,2281201257.4983253
0.0001678339169584,2280692114.9556465
0.0001687510421877,2280180213.41854
0.000169668167417,2279665553.4473014
0.0001705852926463,2279148135.606731
0.0001715024178756,2278627960.4661503
0.0001724195431048,2278105028.599436
0.0001733366683341,2277579340.5850306
0.0001742537935634,2277050897.0059676
0.0001751709187927,2276519698.449898
0.000176088044022,2275985745.5091057
0.0001770051692512,2275449038.780537
0.0001779222944805,2274909578.865818
0.0001788394197098,2274367366.3712764
0.0001797565449391,2273822401.9079695
0.0001806736701684,2273274686.0917025
0.0001815907953976,2272724219.5430527
0.0001825079206269,2272171002.8873887
0.0001834250458562,2271615036.7549024
0.0001843421710855,2271056321.78062
0.0001852592963148,2270494858.604434
0.0001861764215441,2269930647.8711214
0.0001870935467733,2269363690.2303696
0.0001880106720026,2268793986.3367987
0.0001889277972319,2268221536.8499823
0.0001898449224612,2267646342.434474
0.0001907620476905,2267068403.75983
0.0001916791729197,2266487721.500632
0.000192596298149,2265904296.336508
0.0001935134233783,2265318128.952161
0.0001944305486076,2264729220.0373907
0.0001953476738369,2264137570.287116
0.0001962647990661,2263543180.401394
0.0001971819242954,2262946051.085454
0.0001980990495247,2262346183.049717
0.000199016174754,2261743577.0098143
0.0001999332999833,2261138233.686617
0.0002008504252126,2260530153.8062596
0.0002017675504418,2259919338.100161
0.0002026846756711,2259305787.3050547
0.0002036018009004,2258689502.1630006
0.0002045189261297,2258070483.421424
0.000205436051359,2257448731.833131
0.0002063531765882,2256824248.1563325
0.0002072703018175,2256197033.154672
0.0002081874270468,2255567087.5972495
0.0002091045522761,2254934412.258642
0.0002100216775054,2254299007.9189334
0.0002109388027347,2253660875.3637347
0.0002118559279639,2253020015.3842077
0.0002127730531932,2252376428.7770953
0.0002136901784225,2251730116.344743
0.0002146073036518,2251081078.895116
0.0002155244288811,2250429317.241839
0.0002164415541103,2249774832.204208
0.0002173586793396,2249117624.607224
0.0002182758045689,2248457695.2816057
0.0002191929297982,2247795045.0638294
0.0002201100550275,2247129674.7961416
0.0002210271802567,2246461585.326592
0.000221944305486,2245790777.5090513
0.0002228614307153,2245117252.2032433
0.0002237785559446,2244441010.2747636
0.0002246956811739,2243762052.5951104
0.0002256128064032,2243080380.0417013
0.0002265299316324,2242395993.49791
0.0002274470568617,2241708893.8530784
0.000228364182091,2241019082.002551
0.0002292813073203,2240326558.8476987
0.0002301984325496,2239631325.2959394
0.0002311155577788,2238933382.2607656
0.0002320326830081,2238232730.661775
0.0002329498082374,2237529371.4246836
0.0002338669334667,2236823305.4813647
0.000234784058696,2236114533.7698627
0.0002357011839252,2235403057.234425
0.0002366183091545,2234688876.8255267
0.0002375354343838,2233971993.4998927
0.0002384525596131,2233252408.2205257
0.0002393696848424,2232530121.956732
0.0002402868100717,2231805135.684143
0.0002412039353009,2231077450.3847475
0.0002421210605302,2230347067.0469084
0.0002430381857595,2229613986.665395
0.0002439553109888,2228878210.2414074
0.0002448724362181,2228139738.7825985
0.0002457895614473,2227398573.303101
0.0002467066866766,2226654714.823555
0.0002476238119059,2225908164.371131
0.0002485409371352,2225158922.979558
0.0002494580623645,2224406991.6891446
0.0002503751875937,2223652371.546809
0.000251292312823,2222895063.6061015
0.0002522094380523,2222135068.9272323
0.0002531265632816,2221372388.5770955
0.0002540436885109,2220607023.629294
0.0002549608137402,2219838975.1641674
0.0002558779389694,2219068244.268817
0.0002567950641987,2218294832.0371256
0.000257712189428,2217518739.569794
0.0002586293146573,2216739967.9743586
0.0002595464398866,2215958518.3652163
0.0002604635651158,2215174391.863653
0.0002613806903451,2214387589.5978727
0.0002622978155744,2213598112.7030144
0.0002632149408037,2212805962.3211837
0.000264132066033,2212011139.601477
0.0002650491912622,2211213645.7000074
0.0002659663164915,2210413481.7799277
0.0002668834417208,2209610649.01146
0.0002678005669501,2208805148.571917
0.0002687176921794,2207996981.6457305
0.0002696348174087,2207186149.424475
0.0002705519426379,2206372653.106895
0.0002714690678672,2205556493.8989296
0.0002723861930965,2204737673.0137377
0.0002733033183258,2203916191.671721
0.0002742204435551,2203092051.1005526
0.0002751375687843,2202265252.535206
0.0002760546940136,2201435797.2179713
0.0002769718192429,2200603686.3984876
0.0002778889444722,2199768921.333764
0.0002788060697015,2198931503.2882104
0.0002797231949307,2198091433.533656
0.00028064032016,2197248713.349381
0.0002815574453893,2196403344.0221367
0.0002824745706186,2195555326.846174
0.0002833916958479,2194704663.123268
0.0002843088210772,2193851354.162741
0.0002852259463064,2192995401.2814918
0.0002861430715357,2192136805.804016
0.000287060196765,2191275569.0624356
0.0002879773219943,2190411692.396521
0.0002888944472236,2189545177.153719
0.0002898115724528,2188676024.689172
0.0002907286976821,2187804236.365751
0.0002916458229114,2186929813.5540733
0.0002925629481407,2186052757.6325364
0.00029348007337,2185173069.9873314
0.0002943971985992,2184290752.0124745
0.0002953143238285,2183405805.109835
0.0002962314490578,2182518230.6891494
0.0002971485742871,2181628030.1680613
0.0002980656995164,2180735204.9721327
0.0002989828247457,2179839756.534874
0.0002998999499749,2178941686.2977695
0.0003008170752042,2178040995.7103024
0.0003017342004335,2177137686.229975
0.0003026513256628,2176231759.322339
0.0003035684508921,2175323216.4610147
0.0003044855761213,2174412059.127722
0.0003054027013506,2173498288.8122954
0.0003063198265799,2172581907.0127206
0.0003072369518092,2171662915.235147
0.0003081540770385,2170741314.9939175
0.0003090712022678,2169817107.8115973
0.000309988327497,2168890295.2189865
0.0003109054527263,2167960878.7551537
0.0003118225779556,2167028859.967461
0.0003127397031849,2166094240.4115777
0.0003136568284142,2165157021.6515174
0.0003145739536434,2164217205.2596493
0.0003154910788727,2163274792.8167357
0.000316408204102,2162329785.9119425
0.0003173253293313,2161382186.1428714
0.0003182424545606,2160431995.1155806
0.0003191595797898,2159479214.444611
0.0003200767050191,2158523845.753006
0.0003209938302484,2157565890.6723385
0.0003219109554777,2156605350.8427324
0.000322828080707,2155642227.912886
0.0003237452059363,2154676523.5400968
0.0003246623311655,2153708239.390286
0.0003255794563948,2152737377.138015
0.0003264965816241,2151763938.4665194
0.0003274137068534,2150787925.0677233
0.0003283308320827,2149809338.642264
0.0003292479573119,2148828180.89952
0.0003301650825412,2147844453.557628
0.0003310822077705,2146858158.3435075
0.0003319993329998,2145869296.9928868
0.0003329164582291,2144877871.250323
0.0003338335834583,2143883882.8692222
0.0003347507086876,2142887333.6118698
0.0003356678339169,2141888225.2494426
0.0003365849591462,2140886559.5620403
0.0003375020843755,2139882338.338704
0.0003384192096048,2138875563.3774407
0.000339336334834,2137866236.4852393
0.0003402534600633,2136854359.4781036
0.0003411705852926,2135839934.181062
0.0003420877105219,2134822962.4282012
0.0003430048357512,2133803446.0626793
0.0003439219609804,2132781386.936753
0.0003448390862097,2131756786.911797
0.000345756211439,2130729647.8583262
0.0003466733366683,2129699971.656019
0.0003475904618976,2128667760.1937335
0.0003485075871268,2127633015.3695383
0.0003494247123561,2126595739.0907261
0.0003503418375854,2125555933.2738364
0.0003512589628147,2124513599.8446786
0.000352176088044,2123468740.7383542
0.0003530932132733,2122421357.899272
0.0003540103385025,2121371453.281179
0.0003549274637318,2120319028.847169
0.0003558445889611,2119264086.5697157
0.0003567617141904,2118206628.4306843
0.0003576788394197,2117146656.4213583
0.0003585959646489,2116084172.5424528
0.0003595130898782,2115019178.8041449
0.0003604302151075,2113951677.2260854
0.0003613473403368,2112881669.8374228
0.0003622644655661,2111809158.6768234
0.0003631815907953,2110734145.7924926
0.0003640987160246,2109656633.2421908
0.0003650158412539,2108576623.0932562
0.0003659329664832,2107494117.4226274
0.0003668500917125,2106409118.316857
0.0003677672169418,2105321627.872135
0.000368684342171,2104231648.1943078
0.0003696014674003,2103139181.3988981
0.0003705185926296,2102044229.611123
0.0003714357178589,2100946794.9659154
0.0003723528430882,2099846879.607937
0.0003732699683174,2098744485.691608
0.0003741870935467,2097639615.381117
0.000375104218776,2096532270.8504407
0.0003760213440053,2095422454.28337
0.0003769384692346,2094310167.8735175
0.0003778555944638,2093195413.8243468
0.0003787727196931,2092078194.3491817
0.0003796898449224,2090958511.6712334
0.0003806069701517,2089836368.02361
0.000381524095381,2088711765.649341
0.0003824412206103,2087584706.8013928
0.0003833583458395,2086455193.7426846
0.0003842754710688,2085323228.7461107
0.0003851925962981,2084188814.0945547
0.0003861097215274,2083051952.0809097
0.0003870268467567,2081912645.0080917
0.0003879439719859,2080770895.189061
0.0003888610972152,2079626704.9468353
0.0003897782224445,2078480076.6145146
0.0003906953476738,2077331012.5352862
0.0003916124729031,2076179515.0624542
0.0003925295981323,2075025586.5594459
0.0003934467233616,2073869229.399834
0.0003943638485909,2072710445.9673529
0.0003952809738202,2071549238.6559124
0.0003961980990495,2070385609.8696184
0.0003971152242788,2069219562.0227823
0.000398032349508,2068051097.5399446
0.0003989494747373,2066880218.855884
0.0003998665999666,2065706928.4156404
0.0004007837251959,2064531228.674525
0.0004017008504252,2063353122.098135
0.0004026179756544,2062172611.1623728
0.0004035351008837,2060989698.3534632
0.000404452226113,2059804386.1679602
0.0004053693513423,2058616677.1127713
0.0004062864765716,2057426573.7051666
0.0004072036018009,2056234078.472795
0.0004081207270301,2055039193.9537003
0.0004090378522594,2053841922.6963332
0.0004099549774887,2052642267.259568
0.000410872102718,2051440230.2127166
0.0004117892279473,2050235814.1355426
0.0004127063531765,2049029021.6182704
0.0004136234784058,2047819855.2616093
0.0004145406036351,2046608317.6767588
0.0004154577288644,2045394411.4854245
0.0004163748540937,2044178139.3198326
0.0004172919793229,2042959503.8227437
0.0004182091045522,2041738507.6474626
0.0004191262297815,2040515153.4578547
0.0004200433550108,2039289443.9283597
0.0004209604802401,2038061381.7440016
0.0004218776054694,2036830969.6004007
0.0004227947306986,2035598210.2037919
0.0004237118559279,2034363106.2710297
0.0004246289811572,2033125660.529606
0.0004255461063865,2031885875.7176588
0.0004264632316158,2030643754.583986
0.000427380356845,2029399299.888059
0.0004282974820743,2028152514.4000287
0.0004292146073036,2026903400.900744
0.0004301317325329,2025651962.1817567
0.0004310488577622,2024398201.0453386
0.0004319659829914,2023142120.3044887
0.0004328831082207,2021883722.7829463
0.00043380023345,2020623011.3151994
0.0004347173586793,2019359988.7464998
0.0004356344839086,2018094657.9328685
0.0004365516091379,2016827021.7411094
0.0004374687343671,2015557083.048819
0.0004383858595964,2014284844.7443964
0.0004393029848257,2013010309.727054
0.000440220110055,2011733480.9068234
0.0004411372352843,2010454361.2045732
0.0004420543605135,2009172953.5520065
0.0004429714857428,2007889260.8916855
0.0004438886109721,2006603286.1770258
0.0004448057362014,2005315032.3723166
0.0004457228614307,2004024502.4527225
0.0004466399866599,2002731699.4042969
0.0004475571118892,2001436626.2239888
0.0004484742371185,2000139285.9196486
0.0004493913623478,1998839681.5100436
0.0004503084875771,1997537816.0248573
0.0004512256128064,1996233692.504705
0.0004521427380356,1994927314.0011368
0.0004530598632649,1993618683.576648
0.0004539769884942,1992307804.3046837
0.0004548941137235,1990994679.2696524
0.0004558112389528,1989679311.5669239
0.000456728364182,1988361704.3028438
0.0004576454894113,1987041860.5947404
0.0004585626146406,1985719783.570925
0.0004594797398699,1984395476.370705
0.0004603968650992,1983068942.144388
0.0004613139903284,1981740184.0532885
0.0004622311155577,1980409205.2697325
0.000463148240787,1979076008.9770665
0.0004640653660163,1977740598.3696582
0.0004649824912456,1976402976.6529098
0.0004658996164749,1975063147.0432558
0.0004668167417041,1973721112.7681742
0.0004677338669334,1972376877.0661867
0.0004686509921627,1971030443.1868675
0.000469568117392,1969681814.3908486
0.0004704852426213,1968330993.9498186
0.0004714023678505,1966977985.1465335
0.0004723194930798,1965622791.274821
0.0004732366183091,1964265415.6395798
0.0004741537435384,1962905861.5567873
0.0004750708687677,1961544132.3535013
0.0004759879939969,1960180231.367867
0.0004769051192262,1958814161.9491189
0.0004778222444555,1957445927.4575808
0.0004787393696848,1956075531.2646744
0.0004796564949141,1954702976.7529194
0.0004805736201434,1953328267.3159354
0.0004814907453726,1951951406.3584497
0.0004824078706019,1950572397.296292
0.0004833249958312,1949191243.5564022
0.0004842421210605,1947807948.5768328
0.0004851592462898,1946422515.8067489
0.000486076371519,1945034948.7064292
0.0004869934967483,1943645250.7472706
0.0004879106219776,1942253425.411786
0.0004888277472069,1940859476.1936119
0.0004897448724362,1939463406.5975008
0.0004906619976654,1938065220.139329
0.0004915791228947,1936664920.3460975
0.000492496248124,1935262510.755926
0.0004934133733533,1933857994.91806
0.0004943304985826,1932451376.3928707
0.0004952476238119,1931042658.7518487
0.0004961647490411,1929631845.5776148
0.0004970818742704,1928218940.4639072
0.0004979989994997,1926803947.0155916
0.000498916124729,1925386868.8486557
0.0004998332499583,1923967709.59021
0.0005007503751875,1922546472.8784845
0.0005016675004168,1921123162.3628285
0.0005025846256461,1919697781.7037132
0.0005035017508754,1918270334.5727258
0.0005044188761047,1916840824.6525686
0.000505336001334,1915409255.6370587
0.0005062531265632,1913975631.2311242
0.0005071702517925,1912539955.1508055
0.0005080873770218,1911102231.123246
0.0005090045022511,1909662462.8867002
0.0005099216274804,1908220654.190519
0.0005108387527096,1906776808.7951586
0.0005117558779389,1905330930.472165
0.0005126730031682,1903883023.0041845
0.0005135901283975,1902433090.1849484
0.0005145072536268,1900981135.819276
0.000515424378856,1899527163.7230687
0.0005163415040853,1898071177.7233083
0.0005172586293146,1896613181.6580482
0.0005181757545439,1895153179.376414
0.0005190928797732,1893691174.7385967
0.0005200100050025,1892227171.6158497
0.0005209271302317,1890761173.8904796
0.000521844255461,1889293185.4558468
0.0005227613806903,1887823210.2163584
0.0005236785059196,1886351252.0874596
0.0005245956311489,1884877314.9956336
0.0005255127563781,1883401402.8783898
0.0005264298816074,1881923519.6842666
0.0005273470068367,1880443669.3728135
0.000528264132066,1878961855.9145968
0.0005291812572953,1877478083.2911825
0.0005300983825245,1875992355.4951384
0.0005310155077538,1874504676.530023
0.0005319326329831,1873015050.4103785
0.0005328497582124,1871523481.1617253
0.0005337668834417,1870029972.8205512
0.000534684008671,1868534529.434307
0.0005356011339002,1867037155.0614014
0.0005365182591295,1865537853.7711854
0.0005374353843588,1864036629.6439502
0.0005383525095881,1862533486.770918
0.0005392696348174,1861028429.2542315
0.0005401867600466,1859521461.2069466
0.0005411038852759,1858012586.753024
0.0005420210105052,1856501810.0273201
0.0005429381357345,1854989135.175577
0.0005438552609638,1853474566.3544114
0.000544772386193,1851958107.7313123
0.0005456895114223,1850439763.4846213
0.0005466066366516,1848919537.8035269
0.0005475237618809,1847397434.88806
0.0005484408871102,1845873458.9490757
0.0005493580123395,1844347614.2082448
0.0005502751375687,1842819904.8980439
0.000551192262798,1841290335.261748
0.0005521093880273,1839758909.553413
0.0005530265132566,1838225632.0378673
0.0005539436384859,1836690506.9907029
0.0005548607637151,1835153538.6982596
0.0005557778889444,1833614731.4576182
0.0005566950141737,1832074089.5765812
0.000557612139403,1830531617.3736696
0.0005585292646323,1828987319.1781027
0.0005594463898615,1827441199.329789
0.0005603635150908,1825893262.1793172
0.0005612806403201,1824343512.0879352
0.0005621977655494,1822791953.427544
0.0005631148907787,1821238590.58068
0.000564032016008,1819683427.9405048
0.0005649491412372,1818126469.9107897
0.0005658662664665,1816567720.905902
0.0005667833916958,1815007185.350792
0.0005677005169251,1813444867.6809788
0.0005686176421544,1811880772.3425338
0.0005695347673836,1810314903.7920685
0.0005704518926129,1808747266.49672
0.0005713690178422,1807177864.9341328
0.0005722861430715,1805606703.592448
0.0005732032683008,1804033786.9702857
0.00057412039353,1802459119.5767295
0.0005750375187593,1800882705.9313102
0.0005759546439886,1799304550.5639942
0.0005768717692179,1797724658.0151594
0.0005777888944472,1796143032.835589
0.0005787060196765,1794559679.5864463
0.0005796231449057,1792974602.8392637
0.000580540270135,1791387807.175924
0.0005814573953643,1789799297.188642
0.0005823745205936,1788209077.479952
0.0005832916458229,1786617152.6626837
0.0005842087710521,1785023527.3599505
0.0005851258962814,1783428206.205129
0.0005860430215107,1781831193.8418434
0.00058696014674,1780232494.9239464
0.0005878772719693,1778632114.1154966
0.0005887943971985,1777030056.090748
0.0005897115224278,1775426325.534126
0.0005906286476571,1773820927.1402104
0.0005915457728864,1772213865.6137168
0.0005924628981157,1770605145.6694748
0.000593380023345,1768994772.0324137
0.0005942971485742,1767382749.4375374
0.0005952142738035,1765769082.6299088
0.0005961313990328,1764153776.3646283
0.0005970485242621,1762536835.4068131
0.0005979656494914,1760918264.5315807
0.0005988827747206,1759298068.5240223
0.0005997998999499,1757676252.1791868
0.0006007170251792,1756052820.302058
0.0006016341504085,1754427777.7075362
0.0006025512756378,1752801129.2204156
0.0006034684008671,1751172879.6753595
0.0006043855260963,1749543033.9168856
0.0006053026513256,1747911596.7993386
0.0006062197765549,1746278573.1868708
0.0006071369017842,1744643967.953422
0.0006080540270135,1743007785.9826918
0.0006089711522427,1741370032.1681216
0.000609888277472,1739730711.4128726
0.0006108054027013,1738089828.6298
0.0006117225279306,1736447388.7414317
0.0006126396531599,1734803396.6799433
0.0006135567783891,1733157857.3871403
0.0006144739036184,1731510775.8144274
0.0006153910288477,1729862156.9227896
0.000616308154077,1728212005.682767
0.0006172252793063,1726560327.0744321
0.0006181424045356,1724907126.087362
0.0006190595297648,1723252407.7206182
0.0006199766549941,1721596176.9827197
0.0006208937802234,1719938438.8916192
0.0006218109054527,1718279198.4746792
0.000622728030682,1716618460.7686434
0.0006236451559112,1714956230.8196163
0.0006245622811405,1713292513.683031
0.0006254794063698,1711627314.4236333
0.0006263965315991,1709960638.1154497
0.0006273136568284,1708292489.8417594
0.0006282307820576,1706622874.6950727
0.0006291479072869,1704951797.7771037
0.0006300650325162,1703279264.1987424
0.0006309821577455,1701605279.080032
0.0006318992829748,1699929847.5501347
0.0006328164082041,1698252974.7473125
0.0006337335334333,1696574665.8188946
0.0006346506586626,1694894925.921255
0.0006355677838919,1693213760.2197804
0.0006364849091212,1691531173.888844
0.0006374020343505,1689847172.1117804
0.0006383191595797,1688161760.080852
0.000639236284809,1686474942.997227
0.0006401534100383,1684786726.0709488
0.0006410705352676,1683097114.520903
0.0006419876604969,1681406113.5747972
0.0006429047857261,1679713728.469125
0.0006438219109554,1678019964.44914
0.0006447390361847,1676324826.7688274
0.000645656161414,1674628320.6908724
0.0006465732866433,1672930451.486632
0.0006474904118726,1671231224.4361055
0.0006484075371018,1669530644.8279042
0.0006493246623311,1667828717.9592228
0.0006502417875604,1666125449.1358054
0.0006511589127897,1664420843.6719177
0.000652076038019,1662714906.8903189
0.0006529931632482,1661007644.122229
0.0006539102884775,1659299060.7072945
0.0006548274137068,1657589161.9935613
0.0006557445389361,1655877953.3374453
0.0006566616641654,1654165440.1036952
0.0006575787893946,1652451627.6653662
0.0006584959146239,1650736521.4037867
0.0006594130398532,1649020126.708525
0.0006603301650825,1647302448.9773595
0.0006612472903118,1645583493.616245
0.0006621644155411,1643863266.0392818
0.0006630815407703,1642141771.6686819
0.0006639986659996,1640419015.9347367
0.0006649157912289,1638695004.2757874
0.0006658329164582,1636969742.1381834
0.0006667500416875,1635243234.9762616
0.0006676671669167,1633515488.2523012
0.000668584292146,1631786507.4364998
0.0006695014173753,1630056298.0069335
0.0006704185426046,1628324865.4495232
0.0006713356678339,1626592215.2580078
0.0006722527930631,1624858352.933903
0.0006731699182924,1623123283.9864686
0.0006740870435217,1621387013.9326742
0.000675004168751,1619649548.2971697
0.0006759212939803,1617910892.612241
0.0006768384192096,1616171052.4177852
0.0006777555444388,1614430033.2612665
0.0006786726696681,1612687840.6976914
0.0006795897948974,1610944480.2895622
0.0006805069201267,1609199957.6068501
0.000681424045356,1607454278.2269552
0.0006823411705852,1605707447.7346747
0.0006832582958145,1603959471.7221606
0.0006841754210438,1602210355.788892
0.0006850925462731,1600460105.541632
0.0006860096715024,1598708726.5943923
0.0006869267967316,1596956224.5684042
0.0006878439219609,1595202605.0920694
0.0006887610471902,1593447873.800935
0.0006896781724195,1591692036.3376505
0.0006905952976488,1589935098.3519323
0.0006915124228781,1588177065.500522
0.0006924295481073,1586417943.447161
0.0006933466733366,1584657737.862538
0.0006942637985659,1582896454.4242637
0.0006951809237952,1581134098.8168256
0.0006960980490245,1579370676.731553
0.0006970151742537,1577606193.8665788
0.000697932299483,1575840655.9267995
0.0006988494247123,1574074068.623844
0.0006997665499416,1572306437.6760197
0.0007006836751709,1570537768.8082922
0.0007016008004002,1568768067.752236
0.0007025179256294,1566997340.2459948
0.0007034350508587,1565225592.0342498
0.000704352176088,1563452828.8681724
0.0007052693013173,1561679056.505391
0.0007061864265466,1559904280.709948
0.0007071035517758,1558128507.2522628
0.0007080206770051,1556351741.909091
0.0007089378022344,1554573990.4634805
0.0007098549274637,1552795258.7047403
0.000710772052693,1551015552.4283938
0.0007116891779222,1549234877.436141
0.0007126063031515,1547453239.5358138
0.0007135234283808,1545670644.5413437
0.0007144405536101,1543887098.2727144
0.0007153576788394,1542102606.5559235
0.0007162748040687,1540317175.222942
0.0007171919292979,1538530810.1116736
0.0007181090545272,1536743517.0659087
0.0007190261797565,1534955301.935293
0.0007199433049858,1533166170.5752754
0.0007208604302151,1531376128.8470733
0.0007217775554443,1529585182.6176283
0.0007226946806736,1527793337.7595663
0.0007236118059029,1526000600.1511528
0.0007245289311322,1524206975.676254
0.0007254460563615,1522412470.2242928
0.0007263631815907,1520617089.6902053
0.00072728030682,1518820839.9744027
0.0007281974320493,1517023726.9827242
0.0007291145572786,1515225756.6263976
0.0007300316825079,1513426934.8219948
0.0007309488077372,1511627267.4913883
0.0007318659329664,1509826760.5617104
0.0007327830581957,1508025419.9653094
0.000733700183425,1506223251.6397057
0.0007346173086543,1504420261.5275486
0.0007355344338836,1502616455.5765736
0.0007364515591128,1500811839.7395582
0.0007373686843421,1499006419.9742765
0.0007382858095714,1497200202.2434616
0.0007392029348007,1495393192.5147512
0.00074012006003,1493585396.7606568
0.0007410371852592,1491776820.9585068
0.0007419543104885,1489967471.0904105
0.0007428714357178,1488157353.1432116
0.0007437885609471,1486346473.1084414
0.0007447056861764,1484534836.9822783
0.0007456228114057,1482722450.765501
0.0007465399366349,1480909320.4634418
0.0007474570618642,1479095452.0859468
0.0007483741870935,1477280851.6473253
0.0007492913123228,1475465525.1663082
0.0007502084375521,1473649478.6660013
0.0007511255627813,1471832718.1738403
0.0007520426880106,1470015249.7215493
0.0007529598132399,1468197079.3450847
0.0007538769384692,1466378213.084603
0.0007547940636985,1464558656.9844065
0.0007557111889277,1462738417.0928967
0.000756628314157,1460917499.4625359
0.0007575454393863,1459095910.1497943
0.0007584625646156,1457273655.2151053
0.0007593796898449,1455450740.7228212
0.0007602968150742,1453627172.741168
0.0007612139403034,1451802957.3421926
0.0007621310655327,1449978100.6017232
0.000763048190762,1448152608.599319
0.0007639653159913,1446326487.4182284
0.0007648824412206,1444499743.1453326
0.0007657995664498,1442672381.871107
0.0007667166916791,1440844409.689574
0.0007676338169084,1439015832.6982503
0.0007685509421377,1437186656.9981072
0.000769468067367,1435356888.6935153
0.0007703851925962,1433526533.8922036
0.0007713023178255,1431695598.7052088
0.0007722194430548,1429864089.2468302
0.0007731365682841,1428032011.6345804
0.0007740536935134,1426199371.9891376
0.0007749708187427,1424366176.4342966
0.0007758879439719,1422532431.096926
0.0007768050692012,1420698142.1069138
0.0007777221944305,1418863315.5971255
0.0007786393196598,1417027957.7033496
0.0007795564448891,1415192074.5642564
0.0007804735701183,1413355672.321343
0.0007813906953476,1411518757.1188903
0.0007823078205769,1409681335.103913
0.0007832249458062,1407843412.4261088
0.0007841420710355,1406004995.237813
0.0007850591962647,1404166089.6939473
0.000785976321494,1402326701.9519749
0.0007868934467233,1400486838.1718457
0.0007878105719526,1398646504.5159547
0.0007887276971819,1396805707.1490867
0.0007896448224112,1394964452.2383702
0.0007905619476404,1393122745.9532301
0.0007914790728697,1391280594.4653342
0.000792396198099,1389438003.9485476
0.0007933133233283,1387594980.5788817
0.0007942304485576,1385751530.5344458
0.0007951475737868,1383907659.9953969
0.0007960646990161,1382063375.1438901
0.0007969818242454,1380218682.1640298
0.0007978989494747,1378373587.2418215
0.000798816074704,1376528096.5651171
0.0007997331999332,1374682216.3235703
0.0008006503251625,1372835952.7085848
0.0008015674503918,1370989311.913266
0.0008024845756211,1369142300.1323676
0.0008034017008504,1367294923.562245
0.0008043188260797,1365447188.4008005
0.0008052359513089,1363599100.847443
0.0008061530765382,1361750667.103027
0.0008070702017675,1359901893.3698077
0.0008079873269968,1358052785.85139
0.0008089044522261,1356203350.752678
0.0008098215774553,1354353594.2798254
0.0008107387026846,1352503522.6401832
0.0008116558279139,1350653142.0422509
0.0008125729531432,1348802458.6956248
0.0008134900783725,1346951478.8109493
0.0008144072036018,1345100208.5998645
0.000815324328831,1343248654.2749548
0.0008162414540603,1341396822.0497005
0.0008171585792896,1339544718.1384256
0.0008180757045189,1337692348.7562473
0.0008189928297482,1335839720.1190226
0.0008199099549774,1333986838.4433043
0.0008208270802067,1332133709.9462814
0.000821744205436,1330280340.845734
0.0008226613306653,1328426737.3599806
0.0008235784558946,1326572905.7078242
0.0008244955811238,1324718852.1085076
0.0008254127063531,1322864582.7816548
0.0008263298315824,1321010103.9472253
0.0008272469568117,1319155421.8254595
0.000828164082041,1317300542.6368296
0.0008290812072703,1315445472.6019871
0.0008299983324995,1313590217.9417105
0.0008309154577288,1311734784.8768566
0.0008318325829581,1309879179.6283066
0.0008327497081874,1308023408.4169145
0.0008336668334167,1306167477.463459
0.0008345839586459,1304311392.9885864
0.0008355010838752,1302455161.2127633
0.0008364182091045,1300598788.3562248
0.0008373353343338,1298742280.638919
0.0008382524595631,1296885644.2804618
0.0008391695847923,1295028885.5000777
0.0008400867100216,1293172010.5165527
0.0008410038352509,1291315025.5481842
0.0008419209604802,1289457936.812722
0.0008428380857095,1287600750.5273252
0.0008437552109388,1285743472.908504
0.000844672336168,1283886110.17207
0.0008455894613973,1282028668.5330863
0.0008465065866266,1280171154.2058108
0.0008474237118559,1278313573.403648
0.0008483408370852,1276455932.3390965
0.0008492579623144,1274598237.223698
0.0008501750875437,1272740494.26798
0.000851092212773,1270882709.6814103
0.0008520093380023,1269024889.6723428
0.0008529264632316,1267167040.447962
0.0008538435884608,1265309168.2142394
0.0008547607136901,1263451279.175869
0.0008556778389194,1261593379.536226
0.0008565949641487,1259735475.4973118
0.000857512089378,1257877573.2596962
0.0008584292146073,1256019679.0224738
0.0008593463398365,1254161798.983207
0.0008602634650658,1252303939.3378747
0.0008611805902951,1250446106.2808185
0.0008620977155244,1248588306.0046945
0.0008630148407537,1246730544.7004166
0.0008639319659829,1244872828.5571082
0.0008648490912122,1243015163.7620473
0.0008657662164415,1241157556.5006163
0.0008666833416708,1239300012.9562457
0.0008676004669001,1237442539.3103678
0.0008685175921293,1235585141.7423608
0.0008694347173586,1233727826.4294982
0.0008703518425879,1231870599.5468924
0.0008712689678172,1230013467.2674475
0.0008721860930465,1228156435.7618065
0.0008731032182758,1226299511.1982968
0.000874020343505,1224442699.7428796
0.0008749374687343,1222586007.5590947
0.0008758545939636,1220729440.8080132
0.0008767717191929,1218873005.6481814
0.0008776888444222,1217016708.2355695
0.0008786059696514,1215160554.7235227
0.0008795230948807,1213304551.2627015
0.00088044022011,1211448704.0010362
0.0008813573453393,1209593019.0836737
0.0008822744705686,1207737502.6529222
0.0008831915957978,1205882160.8482
0.0008841087210271,1204026999.8059883
0.0008850258462564,1202172025.659771
0.0008859429714857,1200317244.5399883
0.000886860096715,1198462662.5739808
0.0008877772219443,1196608285.8859427
0.0008886943471735,1194754120.596863
0.0008896114724028,1192900172.8244798
0.0008905285976321,1191046448.683221
0.0008914457228614,1189192954.2841601
0.0008923628480907,1187339695.7349586
0.0008932799733199,1185486679.1398165
0.0008941970985492,1183633910.5994189
0.0008951142237785,1181781396.2108834
0.0008960313490078,1179929142.0677114
0.0008969484742371,1178077154.259734
0.0008978655994663,1176225438.8730574
0.0008987827246956,1174374001.990017
0.0008996998499249,1172522849.6891189
0.0009006169751542,1170671988.044995
0.0009015341003835,1168821423.1283438
0.0009024512256128,1166971161.0058832
0.000903368350842,1165121207.740299
0.0009042854760713,1163271569.3901908
0.0009052026013006,1161422252.0100195
0.0009061197265299,1159573261.65006
0.0009070368517592,1157724604.3563454
0.0009079539769884,1155876286.170617
0.0009088711022177,1154028313.1302714
0.000909788227447,1152180691.268311
0.0009107053526763,1150333426.6132896
0.0009116224779056,1148486525.189265
0.0009125396031349,1146639993.0157418
0.0009134567283641,1144793836.107624
0.0009143738535934,1142948060.4751654
0.0009152909788227,1141102672.1239092
0.000916208104052,1139257677.054649
0.0009171252292813,1137413081.263368
0.0009180423545105,1135568890.74119
0.0009189594797398,1133725111.4743307
0.0009198766049691,1131881749.4440436
0.0009207937301984,1130038810.626571
0.0009217108554277,1128196300.9930885
0.0009226279806569,1126354226.5096612
0.0009235451058862,1124512593.1371863
0.0009244622311155,1122671406.8313434
0.0009253793563448,1120830673.5425446
0.0009262964815741,1118990399.2158837
0.0009272136068034,1117150589.7910855
0.0009281307320326,1115311251.2024503
0.0009290478572619,1113472389.3788114
0.0009299649824912,1111634010.2434762
0.0009308821077205,1109796119.7141817
0.0009317992329498,1107958723.703037
0.000932716358179,1106121828.1164808
0.0009336334834083,1104285438.8552241
0.0009345506086376,1102449561.814202
0.0009354677338669,1100614202.8825235
0.0009363848590962,1098779367.9434226
0.0009373019843254,1096945062.8742013
0.0009382191095547,1095111293.5461888
0.000939136234784,1093278065.8246832
0.0009400533600133,1091445385.5689034
0.0009409704852426,1089613258.6319427
0.0009418876104719,1087781690.860712
0.0009428047357011,1085950688.0958953
0.0009437218609304,1084120256.171897
0.0009446389861597,1082290400.9167905
0.000945556111389,1080461128.1522717
0.0009464732366183,1078632443.6936076
0.0009473903618475,1076804353.349583
0.0009483074870768,1074976862.9224572
0.0009492246123061,1073149978.2079074
0.0009501417375354,1071323704.9949847
0.0009510588627647,1069498049.0660601
0.0009519759879939,1067673016.1967771
0.0009528931132232,1065848612.1560026
0.0009538102384525,1064024842.7057759
0.0009547273636818,1062201713.6012578
0.0009556444889111,1060379230.5906862
0.0009565616141404,1058557399.4153202
0.0009574787393696,1056736225.809397
0.0009583958645989,1054915715.5000789
0.0009593129898282,1053095874.2074032
0.0009602301150575,1051276707.6442385
0.0009611472402868,1049458221.5162281
0.000962064365516,1047640421.5217478
0.0009629814907453,1045823313.351853
0.0009638986159746,1044006902.6902288
0.0009648157412039,1042191195.2131461
0.0009657328664332,1040376196.5894077
0.0009666499916624,1038561912.4803025
0.0009675671168917,1036748348.5395554
0.000968484242121,1034935510.4132795
0.0009694013673503,1033123403.7399266
0.0009703184925796,1031312034.15024
0.0009712356178089,1029501407.267206
0.0009721527430381,1027691528.7060018
0.0009730698682674,1025882404.0739528
0.0009739869934967,1024074038.970483
0.000974904118726,1022266438.9870609
0.0009758212439553,1020459609.70716
0.0009767383691845,1018653556.7062043
0.0009776554944138,1016848285.5515223
0.0009785726196431,1015043801.802302
0.0009794897448724,1013240111.0095364
0.0009804068701017,1011437218.7159826
0.0009813239953309,1009635130.4561086
0.0009822411205602,1007833851.756048
0.0009831582457895,1006033388.1335526
0.0009840753710188,1004233745.0979434
0.0009849924962481,1002434928.1500643
0.0009859096214774,1000636942.7822343
0.0009868267467066,998839794.4781971
0.0009877438719359,997043488.713079
0.0009886609971652,995248030.9533385
0.0009895781223945,993453426.6567162
0.0009904952476238,991659681.272194
0.000991412372853,989866800.2399426
0.0009923294980823,988074788.9912763
0.0009932466233116,986283652.9486048
0.0009941637485409,984493397.5253881
0.0009950808737702,982704028.1260877
0.0009959979989994,980915550.1461207
0.0009969151242287,979127968.9718113
0.000997832249458,977341289.9803462
0.0009987493746873,975555518.5397255
0.0009996664999166,973770660.0087167
0.0010005836251459,971986719.73681
0.0010015007503751,970203703.0641671
0.0010024178756044,968421615.3215783
0.0010033350008337,966640461.8304154
0.001004252126063,964860247.9025841
0.0010051692512923,963080978.8404763
0.0010060863765215,961302659.9369252
0.0010070035017508,959525296.47516
0.0010079206269801,957748893.7287575
0.0010088377522094,955973456.9615953
0.0010097548774387,954198991.4278063
0.001010672002668,952425502.3717319
0.0010115891278972,950652995.0278778
0.0010125062531265,948881474.6208639
0.0010134233783558,947110946.3653793
0.0010143405035851,945341415.4661379
0.0010152576288144,943572887.1178305
0.0010161747540436,941805366.5050781
0.0010170918792729,940038858.8023865
0.0010180090045022,938273369.1740987
0.0010189261297315,936508902.7743511
0.0010198432549608,934745464.7470253
0.00102076038019,932983060.2257006
0.0010216775054193,931221694.3336111
0.0010225946306486,929461372.1835979
0.0010235117558779,927702098.8780591
0.0010244288811072,925943879.5089114
0.0010253460063365,924186719.1575351
0.0010262631315657,922430622.8947328
0.001027180256795,920675595.7806836
0.0010280973820243,918921642.8648916
0.0010290145072536,917168769.1861444
0.0010299316324829,915416979.7724643
0.0010308487577121,913666279.6410618
0.0010317658829414,911916673.7982887
0.0010326830081707,910168167.239591
0.0010336001334,908420764.9494641
0.0010345172586293,906674471.9014021
0.0010354343838585,904929293.0578556
0.0010363515090878,903185233.3701788
0.0010372686343171,901442297.7785877
0.0010381857595464,899700491.2121087
0.0010391028847757,897959818.5885328
0.001040020010005,896220284.8143684
0.0010409371352342,894481894.78479
0.0010418542604635,892744653.3835976
0.0010427713856928,891008565.4831591
0.0010436885109221,889273635.9443687
0.0010446056361514,887539869.616596
0.0010455227613806,885807271.3376366
0.0010464398866099,884075845.9336648
0.0010473570118392,882345598.2191828
0.0010482741370685,880616532.9969707
0.0010491912622978,878888655.0580375
0.001050108387527,877161969.1815728
0.0010510255127563,875436480.134892
0.0010519426379856,873712192.6733875
0.0010528597632149,871989111.54048
0.0010537768884442,870267241.4675627
0.0010546940136735,868546587.1739503
0.0010556111389027,866827153.3668284
0.001056528264132,865108944.7411962
0.0010574453893613,863391965.979819
0.0010583625145906,861676221.753169
0.0010592796398199,859961716.71937
0.0010601967650491,858248455.5241469
0.0010611138902784,856536442.8007638
0.0010620310155077,854825683.169971
0.001062948140737,853116181.239945
0.0010638652659663,851407941.6062293
0.0010647823911955,849700968.8516775
0.0010656995164248,847995267.5463905
0.0010666166416541,846290842.2476524
0.0010675337668834,844587697.4998745
0.0010684508921127,842885837.8345213
0.001069368017342,841185267.7700534
0.0010702851425712,839485991.811855
0.0010712022678005,837788014.4521657
0.0010721193930298,836091340.1700124
0.0010730365182591,834395973.4311322
0.0010739536434884,832701918.6879011
0.0010748707687176,831009180.3792547
0.0010757878939469,829317762.930609
0.0010767050191762,827627670.7537766
0.0010776221444055,825938908.2468828
0.0010785392696348,824251479.7942718
0.001079456394864,822565389.7664198
0.0010803735200933,820880642.5198302
0.0010812906453226,819197242.3969357
0.0010822077705519,817515193.725989
0.0010831248957812,815834500.8209457
0.0010840420210105,814155167.9813482
0.0010849591462397,812477199.4921898
0.001085876271469,810800599.6237804
0.0010867933966983,809125372.6315954
0.0010877105219276,807451522.756113
0.0010886276471569,805779054.2226374
0.0010895447723861,804107971.2411045
0.0010904618976154,802438278.0058628
0.0010913790228447,800769978.6954361
0.001092296148074,799103077.4722407
0.0010932132733033,797437578.4822769
0.0010941303985325,795773485.8547528
0.0010950475237618,794110803.7016433
0.0010959646489911,792449536.1171488
0.0010968817742204,790789687.1770103
0.0010977988994497,789131260.9376051
0.001098716024679,787474261.434686
0.0010996331499082,785818692.681459
0.0011005502751375,784164558.6652613
0.0011014674003668,782511863.3401906
0.0011023845255961,780860610.5953089
0.0011033016508254,779210804.2998852
0.0011042187760546,777562448.4258504
0.0011051359012839,775915546.9346675
0.0011060530265132,774270103.766257
0.0011069701517425,772626122.837378
0.0011078872769718,770983608.0393119
0.0011088044022011,769342563.2343335
0.0011097215274303,767702992.249751
0.0011106386526596,766064898.8659842
0.0011115557778889,764428286.7813319
0.0011124729031182,762793159.507949
0.0011133900283475,761159520.8121428
0.0011143071535767,759527374.6131643
0.001115224278806,757896724.8131428
0.0011161414040353,756267575.2968045
0.0011170585292646,754639929.9311621
0.0011179756544939,753013792.565161
0.0011188927797231,751389167.0292714
0.0011198099049524,749766061.4392041
0.0011207270301817,748144470.9079874
0.001121644155411,746524403.3088967
0.0011225612806403,744905862.456203
0.0011234784058696,743288852.0987256
0.0011243955310988,741673377.7838447
0.0011253126563281,740059439.2890266
0.0011262297815574,738447042.1348372
0.0011271469067867,736836190.0302038
0.001128064032016,735226886.6200219
0.0011289811572452,733619135.3097179
0.0011298982824745,732012940.1562055
0.0011308154077038,730408303.893933
0.0011317325329331,728805231.3985463
0.0011326496581624,727203726.4429481
0.0011335667833916,725603791.0711051
0.0011344839086209,724005429.622618
0.0011354010338502,722408645.6382945
0.0011363181590795,720813442.7354347
0.0011372352843088,719219824.1785073
0.0011381524095381,717627794.1260078
0.0011390695347673,716037355.4894844
0.0011399866599966,714448507.786935
0.0011409037852259,712861262.562178
0.0011418209104552,711275624.4462674
0.0011427380356845,709691587.3147937
0.0011436551609137,708109143.5608723
0.001144572286143,706528325.7106704
0.0011454894113723,704949143.8187476
0.0011464065366016,703371563.6681848
0.0011473236618309,701795606.3731245
0.0011482407870601,700221275.1355329
0.0011491579122894,698648573.4963121
0.0011500750375187,697077504.8433338
0.001150992162748,695508072.5509117
0.0011519092879773,693940279.9600676
0.0011528264132066,692374130.4405875
0.0011537435384358,690809627.3202423
0.0011546606636651,689246773.7065878
0.0011555777888944,687685573.5671749
0.0011564949141237,686126029.5508932
0.001157412039353,684568145.1648966
0.0011583291645822,683011923.6869533
0.0011592462898115,681457368.3848869
0.0011601634150408,679904482.5080292
0.0011610805402701,678353269.3082002
0.0011619976654994,676803732.0005847
0.0011629147907286,675255873.8177682
0.0011638319159579,673709688.6745921
0.0011647490411872,672165207.6178572
0.0011656661664165,670622405.9795943
0.0011665832916458,669081296.2268517
0.0011675004168751,667541881.4817779
0.0011684175421043,666004164.9066142
0.0011693346673336,664468149.6580317
0.0011702517925629,662933838.8478026
0.0011711689177922,661401235.5441831
0.0011720860430215,659870342.8706864
0.0011730031682507,658341163.9362072
0.00117392029348,656813701.8099518
0.0011748374187093,655287959.4998412
0.0011757545439386,653763940.0674609
0.0011766716691679,652241646.5796328
0.0011775887943971,650721082.0711265
0.0011785059196264,649202249.5209923
0.0011794230448557,647685151.8868443
0.001180340170085,646169792.1887827
0.0011812572953143,644656173.3156953
0.0011821744205436,643144245.2970765
0.0011830915457728,641634170.4761378
0.0011840086710021,640125792.151051
0.0011849257962314,638619166.4737276
0.0011858429214607,637114296.4000773
0.00118676004669,635611184.8300871
0.0011876771719192,634109834.570338
0.0011885942971485,632610248.549883
0.0011895114223778,631112429.5349759
0.0011904285476071,629616380.5823158
0.0011913456728364,628122088.4736716
0.0011922627980656,626629603.6701243
0.0011931799232949,625138881.371653
0.0011940970485242,623649937.5451899
0.0011950141737535,622162783.0601361
0.0011959312989828,620677412.6239996
0.0011968484242121,619193831.5849252
0.0011977655494413,617712042.8708278
0.0011986826746706,616232049.0366646
0.0011995997998999,614753852.8496327
0.0012005169251292,613277457.0333716
0.0012014340503585,611802864.2440872
0.0012023511755877,610330077.178655
0.001203268300817,608859098.4706097
0.0012041854260463,607389930.8232001
0.0012051025512756,605922576.8103896
0.0012060196765049,604457039.0799967
0.0012069368017342,602993320.2357413
0.0012078539269634,601531422.8988334
0.0012087710521927,600071349.6090697
0.001209688177422,598613102.9614173
0.0012106053026513,597156685.5220574
0.0012115224278806,595702099.7734262
0.0012124395531098,594249348.2957727
0.0012133566783391,592798433.6176242
0.0012142738035684,591349358.2139181
0.0012151909287977,589902124.5586431
0.001216108054027,588456735.1505916
0.0012170251792562,587013192.4469823
0.0012179423044855,585571498.8899263
0.0012188594297148,584131656.9165411
0.0012197765549441,582693668.9497963
0.0012206936801734,581257537.3870589
0.0012216108054027,579823264.6364176
0.0012225279306319,578390853.0824884
0.0012234450558612,576960281.4468144
0.0012243621810905,575531622.9291234
0.0012252793063198,574104809.0649514
0.0012261964315491,572679865.797279
0.0012271135567783,571256795.4000112
0.0012280306820076,569835600.1365005
0.0012289478072369,568416282.3303591
0.0012298649324662,566998844.2841431
0.0012307820576955,565583171.1117676
0.0012316991829247,564169616.5286074
0.001232616308154,562757831.2193165
0.0012335334333833,561347934.5251788
0.0012344505586126,559939928.69545
0.0012353676838419,558533815.9575188
0.0012362848090712,557129598.5128113
0.0012372019343004,555727278.5331428
0.0012381190595297,554326858.0709038
0.001239036184759,552928339.2788665
0.0012399533099883,551531724.327102
0.0012408704352176,550137015.2744001
0.0012417875604468,548744214.2272775
0.0012427046856761,547353323.1347519
0.0012436218109054,545964344.3353472
0.0012445389361347,544577279.8523934
0.001245456061364,543192131.4940845
0.0012463731865932,541808901.3904289
0.0012472903118225,540427591.5577961
0.0012482074370518,539048203.9631922
0.0012491245622811,537670740.6542788
0.0012500416875104,536295203.56403893
0.0012509588127397,534921594.42613894
0.0012518759379689,533549915.60763973
0.0012527930631982,532180168.9887194
0.0012537101884275,530812356.1055694
0.0012546273136568,529446479.1098926
0.0012555444388861,528082539.81617844
0.0012564615641153,526720540.11170775
0.0012573786893446,525360481.86044765
0.0012582958145739,524002366.86977255
0.0012592129398032,522646165.3635365
0.0012601300650325,521291974.1336037
0.0012610471902617,519939699.72413963
0.001261964315491,518589376.2813684
0.0012628814407203,517241004.87478536
0.0012637985659496,515894587.5551984
0.0012647156911789,514550126.0120331
0.0012656328164082,513207621.9758978
0.0012665499416374,511867077.1812969
0.0012674670668667,510528493.29802954
0.001268384192096,509191872.07339317
0.0012693013173253,507857215.1236796
0.0012702184425546,506524523.8273623
0.0012711355677838,505193800.7268167
0.0012720526930131,503865046.5558379
0.0012729698182424,502538263.2364562
0.0012738869434717,501213452.3683516
0.001274804068701,499890615.53239286
0.0012757211939302,498569754.31258166
0.0012766383191595,497250870.2699639
0.0012775554443888,495933964.9358719
0.0012784725696181,494619039.86324465
0.0012793896948474,493306096.563563
0.0012803068200767,491995136.5328867
0.0012812239453059,490686161.27357656
0.0012821410705352,489379172.25308096
0.0012830581957645,488074170.9380907
0.0012839753209938,486771158.77505803
0.0012848924462231,485470137.1976961
0.0012858095714523,484171107.62846357
0.0012867266966816,482874071.46667856
0.0012876438219109,481579030.1139203
0.0012885609471402,480285984.9399973
0.0012894780723695,478994937.30476254
0.0012903951975987,477705888.5751203
0.001291312322828,476418840.074269
0.0012922294480573,475133793.10889083
0.0012931465732866,473850749.0100127
0.0012940636985159,472569709.0796949
0.0012949808237452,471290674.5671406
0.0012958979489744,470013646.7322485
0.0012968150742037,468738626.8535925
0.001297732199433,467465616.1805233
0.0012986493246623,466194577.5257045
0.0012995664498916,464925627.2319286
0.0013004835751208,463658651.355105
0.0013014007003501,462393689.3097516
0.0013023178255794,461130742.80448616
0.0013032349508087,459869812.39915836
0.001304152076038,458610899.44379073
0.0013050692012673,457354005.04792726
0.0013059863264965,456099130.3502774
0.0013069034517258,454846276.4619285
0.0013078205769551,453595444.409466
0.0013087377021844,452346635.28749067
0.0013096548274137,451099850.15180534
0.0013105719526429,449855090.01431245
0.0013114890778722,448612355.97238904
0.0013124062031015,447371648.99707836
0.0013133233283308,446132970.0674786
0.0013142404535601,444896320.1885125
0.0013151575787893,443661700.32645696
0.0013160747040186,442429111.409525
0.0013169918292479,441198554.4675546
0.0013179089544772,439970030.348896
0.0013188260797065,438743539.98763645
0.0013197432049358,437519084.2880489
0.001320660330165,436296664.04727036
0.0013215774553943,435076280.38248277
0.0013224945806236,433857933.95932746
0.0013234117058529,432641625.6387861
0.0013243288310822,431427356.27112454
0.0013252459563114,430215126.68224335
0.0013261630815407,429004937.66778004
0.00132708020677,427796790.0077134
0.0013279973319993,426590684.5220718
0.0013289144572286,425386621.9205236
0.0013298315824578,424184602.9788715
0.0013307487076871,422984628.42263895
0.0013316658329164,421786698.9505269
0.0013325829581457,420590815.33924896
0.001333500083375,419396978.20974916
0.0013344172086043,418205188.2644726
0.0013353343338335,417015446.17963064
0.0013362514590628,415827752.588692
0.0013371685842921,414642108.1440256
0.0013380857095214,413458513.46088415
0.0013390028347507,412276969.14813644
0.0013399199599799,411097475.8088736
0.0013408370852092,409920034.01721513
0.0013417542104385,408744644.36334765
0.0013426713356678,407571307.38079494
0.0013435884608971,406400023.61882013
0.0013445055861263,405230793.59953105
0.0013454227113556,404063617.8488678
0.0013463398365849,402898496.86599714
0.0013472569618142,401735431.0824791
0.0013481740870435,400574421.0561511
0.0013490912122728,399415467.2488389
0.001350008337502,398258570.069178
0.0013509254627313,397103729.9222081
0.0013518425879606,395950947.2531154
0.0013527597131899,394800222.4796981
0.0013536768384192,393651555.9851074
0.0013545939636484,392504948.14439327
0.0013555110888777,391360399.331446
0.001356428214107,390217909.90838635
0.0013573453393363,389077480.1914337
0.0013582624645656,387939110.46993494
0.0013591795897948,386802801.0865238
0.0013600967150241,385668552.36931133
0.0013610138402534,384536364.62253743
0.0013619309654827,383406238.123399
0.001362848090712,382278173.11475074
0.0013637652159413,381152169.77278256
0.0013646823411705,380028228.2580225
0.0013655994663998,378906348.8314505
0.0013665165916291,377786531.742917
0.0013674337168584,376668777.2218247
0.0013683508420877,375553085.4762726
0.0013692679673169,374439456.6918204
0.0013701850925462,373327891.19297665
0.0013711022177755,372218388.58487755
0.0013720193430048,371110949.29165983
0.0013729364682341,370005573.3450456
0.0013738535934633,368902260.980332
0.0013747707186926,367801012.32909656
0.0013756878439219,366701827.232879
0.0013766049691512,365604705.84535986
0.0013775220943805,364509648.2581937
0.0013784392196098,363416653.98775107
0.001379356344839,362325723.90003353
0.0013802734700683,361236857.74513483
0.0013811905952976,360150055.9411513
0.0013821077205269,359065317.4384265
0.0013830248457562,357982642.8705592
0.0013839419709854,356902031.9008789
0.0013848590962147,355823484.57486856
0.001385776221444,354747000.8493752
0.0013866933466733,353672580.63558304
0.0013876104719026,352600223.8395704
0.0013885275971318,351529930.3231421
0.0013894447223611,350461700.0417639
0.0013903618475904,349395532.7819377
0.0013912789728197,348331428.15960187
0.001392196098049,347269386.79705346
0.0013931132232783,346209407.7355981
0.0013940303485075,345151489.7606243
0.0013949474737368,344095636.5417133
0.0013958645989661,343041843.99911416
0.0013967817241954,341990113.190833
0.0013976988494247,340940443.88680655
0.0013986159746539,339892835.8326629
0.0013995330998832,338847288.7383784
0.0014004502251125,337803802.41092837
0.0014013673503418,336762376.4756194
0.0014022844755711,335723010.3771854
0.0014032016008004,334685704.66812146
0.0014041187260296,333650458.1460321
0.0014050358512589,332617270.75619876
0.0014059529764882,331586142.197909
0.0014068701017175,330557072.0445737
0.0014077872269468,329530059.94798934
0.001408704352176,328505105.5267375
0.0014096214774053,327482208.3610997
0.0014105386026346,326461368.0490706
0.0014114557278639,325442582.0276079
0.0014123728530932,324425856.2802383
0.0014132899783224,323411183.5962641
0.0014142071035517,322398566.65886134
0.001415124228781,321388003.9901362
0.0014160413540103,320379495.4325988
0.0014169584792396,319373040.50382453
0.0014178756044689,318368638.6743484
0.0014187927296981,317366289.43005955
0.0014197098549274,316365992.2409777
0.0014206269801567,315367746.54779816
0.001421544105386,314371551.793334
0.0014224612306153,313377407.42122304
0.0014233783558445,312385312.8289247
0.0014242954810738,311395267.4257631
0.0014252126063031,310407270.61287177
0.0014261297315324,309421321.7606227
0.0014270468567617,308437420.24361205
0.0014279639819909,307455565.4163474
0.0014288811072202,306475756.62441903
0.0014297982324495,305497993.200114
0.0014307153576788,304522274.4669531
0.0014316324829081,303548599.72782165
0.0014325496081374,302576968.29241353
0.0014334667333666,301607379.43671024
0.0014343838585959,300639832.4288189
0.0014353009838252,299674326.54927546
0.0014362181090545,298710860.677975
0.0014371352342838,297749435.14102834
0.001438052359513,296790048.0633714
0.0014389694847423,295832699.0519069
0.0014398866099716,294877387.3143077
0.0014408037352009,293924112.010846
0.0014417208604302,292972872.3181314
0.0014426379856594,292023667.4322847
0.0014435551108887,291076496.5271678
0.001444472236118,290131358.74759775
0.0014453893613473,289188253.1642224
0.0014463064865766,288247178.96600753
0.0014472236118059,287308135.2286495
0.0014481407370351,286371120.8533777
0.0014490578622644,285436135.6558076
0.0014499749874937,284503177.94076204
0.001450892112723,283572247.04333115
0.0014518092379523,282643342.0201081
0.0014527263631815,281716457.9857514
0.0014536434884108,280791605.75625116
0.0014545606136401,279868772.61427164
0.0014554777388694,278947961.44492584
0.0014563948640987,278029171.2611407
0.0014573119893279,277112401.058039
0.0014582291145572,276197649.82236236
0.0014591462397865,275284916.2733473
0.0014600633650158,274374200.0845537
0.0014609804902451,273465499.49305385
0.0014618976154744,272558813.6670621
0.0014628147407036,271654141.53566086
0.0014637318659329,270751482.008184
0.0014646489911622,269850833.94857115
0.0014655661163915,268952196.35293597
0.0014664832416208,268055568.03797147
0.00146740036685,267160947.85562286
0.0014683174920793,266268334.68613446
0.0014692346173086,265377727.37881517
0.0014701517425379,264489124.77150849
0.0014710688677672,263602525.6595137
0.0014719859929964,262717928.9621911
0.0014729031182257,261835333.38598108
0.001473820243455,260954737.75748122
0.0014747373686843,260076140.8647535
0.0014756544939136,259199541.48846653
0.0014765716191429,258324938.38170955
0.0014774887443721,257452330.29863548
0.0014784058696014,256581716.02013755
0.0014793229948307,255713094.23080868
0.00148024012006,254846463.68203613
0.0014811572452893,253981823.0846622
0.0014820743705185,253119171.12850243
0.0014829914957478,252258506.5081784
0.0014839086209771,251399827.9506512
0.0014848257462064,250543134.06807312
0.0014857428714357,249688423.55108163
0.0014866599966649,248835695.06024584
0.0014875771218942,247984947.21914446
0.0014884942471235,247136178.66388825
0.0014894113723528,246289388.03876716
0.0014903284975821,245444573.93513155
0.0014912456228114,244601734.95388365
0.0014921627480406,243760869.7036528
0.0014930798732699,242921976.74887598
0.0014939969984992,242085054.69049028
0.0014949141237285,241250102.06807387
0.0014958312489578,240417117.4464114
0.001496748374187,239586099.35740176
0.0014976654994163,238757046.34959945
0.0014985826246456,237929956.94147927
0.0014994997498749,237104829.64649037
0.0015004168751042,236281662.95986566
0.0015013340003335,235460455.42932367
0.0015022511255627,234641205.48009893
0.001503168250792,233823911.59791625
0.0015040853760213,233008572.2701958
0.0015050025012506,232195185.9589086
0.0015059196264799,231383751.09578925
0.0015068367517091,230574266.1272199
0.0015077538769384,229766729.48255423
0.0015086710021677,228961139.58467022
0.001509588127397,228157494.84133568
0.0015105052526263,227355793.64838606
0.0015114223778555,226556034.4162331
0.0015123395030848,225758215.5343969
0.0015132566283141,224962335.35151705
0.0015141737535434,224168392.21640605
0.0015150908787727,223376384.51270238
0.001516008004002,222586310.60820627
0.0015169251292312,221798168.85050923
0.0015178422544605,221011957.50731206
0.0015187593796898,220227674.93679607
0.0015196765049191,219445319.4645181
0.0015205936301484,218664889.32119033
0.0015215107553776,217886382.85408354
0.0015224278806069,217109798.38184908
0.0015233450058362,216335134.20526874
0.0015242621310655,215562388.50115424
0.0015251792562948,214791559.5427582
0.001526096381524,214022645.5918063
0.0015270135067533,213255644.90609327
0.0015279306319826,212490555.68101704
0.0015288477572119,211727376.20244303
0.0015297648824412,210966104.5283302
0.0015306820076705,210206739.12660655
0.0015315991328997,209449278.17613167
0.001532516258129,208693719.62065595
0.0015334333833583,207940061.78326777
0.0015343505085876,207188302.78932825
0.0015352676338169,206438440.91012853
0.0015361847590461,205690474.20846152
0.0015371018842754,204944400.85953456
0.0015380190095047,204200219.00438583
0.001538936134734,203457926.78101918
0.0015398532599633,202717522.0831472
0.0015407703851925,201979003.6760838
0.0015416875104218,201242369.07956135
0.0015426046356511,200507616.5287943
0.0015435217608804,199774744.1482748
0.0015444388861097,199043750.02185082
0.001545356011339,198314632.22383267
0.0015462731365682,197587388.82402277
0.0015471902617975,196862017.85755435
0.0015481073870268,196138517.45078042
0.0015490245122561,195416885.57458192
0.0015499416374854,194697120.2905989
0.0015508587627146,193979219.6274024
0.0015517758879439,193263181.607344
0.0015526930131732,192549004.24357438
0.0015536101384025,191836685.54276106
0.0015545272636318,191126223.5015898
0.001555444388861,190417616.11634633
0.0015563615140903,189710861.36074388
0.0015572786393196,189005957.2212152
0.0015581957645489,188302901.6619141
0.0015591128897782,187601692.63730872
0.0015600300150075,186902328.11416557
0.0015609471402367,186204806.03168416
0.001561864265466,185509124.320815
0.0015627813906953,184815280.92805728
0.0015636985159246,184123273.7752817
0.0015646156411539,183433100.7639453
0.0015655327663831,182744759.7972661
0.0015664498916124,182058248.84921885
0.0015673670168417,181373565.73092788
0.001568284142071,180690708.3589263
0.0015692012673003,180009674.62811574
0.0015701183925295,179330462.39968878
0.0015710355177588,178653069.54241407
0.0015719526429881,177977493.91965157
0.0015728697682174,177303733.39426702
0.0015737868934467,176631785.7913001
0.001574704018676,175961645.80067658
0.0015756211439052,175293320.7518652
0.0015765382691345,174626798.96083716
0.0015774553943638,173962081.43760493
0.0015783725195931,173299165.97903827
0.0015792896448224,172638050.392958
0.0015802067700516,171978732.47829267
0.0015811238952809,171321210.02573207
0.0015820410205102,170665480.83359164
0.0015829581457395,170011542.66917008
0.0015838752709688,169359393.31152192
0.001584792396198,168709030.52861312
0.0015857095214273,168060452.08153602
0.0015866266466566,167413655.71442538
0.0015875437718859,166768639.18610233
0.0015884608971152,166125400.24058473
0.0015893780223445,165483936.60291424
0.0015902951475737,164844246.00955048
0.001591212272803,164206326.18038034
0.0015921293980323,163570174.8331386
0.0015930465232616,162935789.67691967
0.0015939636484909,162303168.42002356
0.0015948807737201,161672308.7551962
0.0015957978989494,161043208.37574354
0.0015967150241787,160415864.97885042
0.001597632149408,159790276.23174766
0.0015985492746373,159166439.80273736
0.0015994663998665,158544353.37843668
0.0016003835250958,157924014.62801096
0.0016013006503251,157305421.18654948
0.0016022177755544,156688570.69417492
0.0016031349007837,156073460.81850657
0.001604052026013,155460089.21296397
0.0016049691512422,154848453.49225274
0.0016058862764715,154238551.28324598
0.0016068034017008,153630380.21729124
0.0016077205269301,153023937.87469742
0.0016086376521594,152419221.9239818
0.0016095547773886,151816229.9690886
0.0016104719026179,151214959.55251113
0.0016113890278472,150615408.320662
0.0016123061530765,150017573.84352762
0.0016132232783058,149421453.70990956
0.0016141404035351,148827045.46514177
0.0016150575287643,148234346.7715659
0.0016159746539936,147643355.12226343
0.0016168917792229,147054068.0926827
0.0016178089044522,146466483.24985415
0.0016187260296815,145880598.1416313
0.0016196431549107,145296410.2822128
0.00162056028014,144713917.30583847
0.0016214774053693,144133116.70691144
0.0016223945305986,143554005.98691636
0.0016233116558279,142976582.68568492
0.0016242287810571,142400844.33676878
0.0016251459062864,141826788.4539161
0.0016260630315157,141254412.55083144
0.001626980156745,140683714.10188356
0.0016278972819743,140114690.7127728
0.0016288144072036,139547339.75362742
0.0016297315324328,138981658.8260474
0.0016306486576621,138417645.34932387
0.0016315657828914,137855296.8263856
0.0016324829081207,137294610.74211177
0.00163340003335,136735584.5245371
0.0016343171585792,136178215.77669218
0.0016352342838085,135622501.8333549
0.0016361514090378,135068440.19951174
0.0016370685342671,134516028.33240077
0.0016379856594964,133965263.68490525
0.0016389027847256,133416143.70369866
0.0016398199099549,132868665.83560854
0.0016407370351842,132322827.51661606
0.0016416541604135,131778626.18373081
0.0016425712856428,131236059.27132332
0.0016434884108721,130695124.19635756
0.0016444055361013,130155818.39245032
0.0016453226613306,129618139.27511936
0.0016462397865599,129082084.24882802
0.0016471569117892,128547650.7372817
0.0016480740370185,128014836.14589097
0.0016489911622477,127483637.8610803
0.001649908287477,126954053.29440999
0.0016508254127063,126426079.84713474
0.0016517425379356,125899714.88923359
0.0016526596631649,125374955.81698778
0.0016535767883941,124851800.01991428
0.0016544939136234,124330245.24885914
0.0016554110388527,123810287.7536873
0.001656328164082,123291925.99953435
0.0016572452893113,122775157.03105937
0.0016581624145406,122259978.20696016
0.0016590795397698,121746386.85198312
0.0016599966649991,121234380.28672525
0.0016609137902284,120723955.95393974
0.0016618309154577,120215111.1754929
0.001662748040687,119707843.27602446
0.0016636651659162,119202149.61451957
0.0016645822911455,118698027.55254497
0.0016654994163748,118195474.33685027
0.0016664165416041,117694487.38480192
0.0016673336668334,117195064.01096189
0.0016682507920626,116697201.51961522
0.0016691679172919,116200897.2433977
0.0016700850425212,115706148.50934224
0.0016710021677505,115212952.62448458
0.0016719192929798,114721306.89166589
0.0016728364182091,114231208.63935271
0.0016737535434383,113742655.1620255
0.0016746706686676,113255643.7195675
0.0016755877938969,112770171.81246394
0.0016765049191262,112286236.41918924
0.0016774220443555,111803835.02976595
0.0016783391695847,111322964.93793403
0.001679256294814,110843623.40769404
0.0016801734200433,110365807.70160869
0.0016810905452726,109889515.11573732
0.0016820076705019,109414742.92928737
0.0016829247957311,108941488.39233986
0.0016838419209604,108469748.79533105
0.0016847590461897,107999521.43644755
0.001685676171419,107530803.60476948
0.0016865932966483,107063592.588868
0.0016875104218776,106597885.46552597
0.0016884275471068,106133679.63565853
0.0016893446723361,105670972.46106982
0.0016902617975654,105209761.00657736
0.0016911789227947,104750042.65073451
0.001692096048024,104291814.82317765
0.0016930131732532,103835073.99129994
0.0016939302984825,103379817.91426183
0.0016948474237118,102926043.87647133
0.0016957645489411,102473750.10511157
0.0016966816741704,102022932.10319982
0.0016975987993996,101573587.94053392
0.0016985159246289,101125714.48787917
0.0016994330498582,100679309.92607325
0.0017003501750875,100234370.43610483
0.0017012673003168,99790893.61147945
0.0017021844255461,99348876.71939023
0.0017031015507753,98908316.94828095
0.0017040186760046,98469211.49674684
0.0017049358012339,98031557.66135995
0.0017058529264632,97595352.44610669
0.0017067700516925,97160593.58377315
0.0017076871769217,96727277.76492241
0.001708604302151,96295402.34609434
0.0017095214273803,95864964.59820905
0.0017104385526096,95435961.63682336
0.0017113556778389,95008390.81308521
0.0017122728030682,94582249.25652817
0.0017131899282974,94157534.14091222
0.0017141070535267,93734242.68442287
0.001715024178756,93312372.09521459
0.0017159413039853,92891919.56662613
0.0017168584292146,92472877.89920445
0.0017177755544438,92055257.43833347
0.0017186926796731,91639042.32515408
0.0017196098049024,91224234.12713349
0.0017205269301317,90810829.70849623
0.001721444055361,90398826.63285735
0.0017223611805902,89988221.9632082
0.0017232783058195,89579012.88474889
0.0017241954310488,89171196.58367394
0.0017251125562781,88764770.19668601
0.0017260296815074,88359731.0409478
0.0017269468067367,87956076.16241464
0.0017278639319659,87553802.78513971
0.0017287810571952,87152907.64465839
0.0017296981824245,86753389.24637268
0.0017306153076538,86355243.43692358
0.0017315324328831,85958467.83477564
0.0017324495581123,85563059.6137074
0.0017333666833416,85169015.94243343
0.0017342838085709,84776334.00096186
0.0017352009338002,84385010.94896844
0.0017361180590295,83995043.96046178
0.0017370351842587,83606430.21191569
0.001737952309488,83219166.85664476
0.0017388694347173,82833251.06533931
0.0017397865599466,82448680.01507682
0.0017407036851759,82065450.85784511
0.0017416208104052,81683560.75930564
0.0017425379356344,81303006.88745782
0.0017434550608637,80923786.40778354
0.001744372186093,80545896.47377142
0.0017452893113223,80169334.24560097
0.0017462064365516,79794096.89482477
0.0017471235617808,79420168.73825037
0.0017480406870101,79047585.44379924
0.0017489578122394,78676305.65495184
0.0017498749374687,78306339.38230336
0.001750792062698,77937683.77200584
0.0017517091879272,77570335.98138763
0.0017526263131565,77204293.16884866
0.0017535434383858,76839552.49001649
0.0017544605636151,76476111.10269873
0.0017553776888444,76113966.15964656
0.0017562948140737,75753114.81728533
0.0017572119393029,75393554.23058498
0.0017581290645322,75035281.5522263
0.0017590461897615,74678293.92143767
0.0017599633149908,74322588.53839724
0.0017608804402201,73968162.51752953
0.0017617975654493,73615013.01591621
0.0017627146906786,73263137.1943755
0.0017636318159079,72912532.20247628
0.0017645489411372,72563195.1956247
0.0017654660663665,72215123.32469201
0.0017663831915957,71868313.74459167
0.001767300316825,71522763.60796298
0.0017682174420543,71178470.06712118
0.0017691345672836,70835430.2755155
0.0017700516925129,70493641.38130313
0.0017709688177422,70153100.54884061
0.0017718859429714,69813804.92196788
0.0017728030682007,69475751.65403719
0.00177372019343,69138937.90309347
0.0017746373186593,68803360.81970835
0.0017755544438886,68469017.5588764
0.0017764715691178,68135905.27311715
0.0017773886943471,67804021.12002021
0.0017783058195764,67473362.25276008
0.0017792229448057,67143925.81894799
0.001780140070035,66815708.98703658
0.0017810571952642,66488708.91454424
0.0017819743204935,66162922.73527396
0.0017828914457228,65838347.613988936
0.0017838085709521,65514980.72361511
0.0017847256961814,65192819.22034706
0.0017856428214107,64871860.24645444
0.0017865599466399,64552100.959112324
0.0017874770718692,64233538.51812131
0.0017883941970985,63916170.10088357
0.0017893113223278,63599992.8752895
0.0017902284475571,63285003.96214041
0.0017911455727863,62971200.5535477
0.0017920626980156,62658579.7977858
0.0017929798232449,62347138.86094179
0.0017938969484742,62036874.880607754
0.0017948140737035,61727785.10396568
0.0017957311989327,61419866.611768
0.001796648324162,61113116.598516464
0.0017975654493913,60807532.22439784
0.0017984825746206,60503110.67518998
0.0017993996998499,60199849.10098499
0.0018003168250792,59897744.67717307
0.0018012339503084,59596794.56777905
0.0018021510755377,59296995.96202254
0.001803068200767,58998346.01428939
0.0018039853259963,58700841.90311101
0.0018049024512256,58404480.7972495
0.0018058195764548,58109253.06409628
0.0018067367016841,57815176.283259206
0.0018076538269134,57522227.32395945
0.0018085709521427,57230410.02453872
0.001809488077372,56939721.63142358
0.0018104052026013,56650159.31064171
0.0018113223278305,56361720.25196999
0.0018122394530598,56074401.63394717
0.0018131565782891,55788200.64517894
0.0018140737035184,55503114.08202865
0.0018149908287477,55219140.28844386
0.0018159079539769,54936275.29925739
0.0018168250792062,54654516.68672049
0.0018177422044355,54373861.640828684
0.0018186593296648,54094307.355907984
0.0018195764548941,53815851.022280134
0.0018204935801233,53538489.83924636
0.0018214107053526,53262220.937528394
0.0018223278305819,52987041.70189479
0.0018232449558112,52712949.146229625
0.0018241620810405,52439940.53291273
0.0018250792062698,52168013.06434776
0.001825996331499,51897163.943499446
0.0018269134567283,51627390.37816269
0.0018278305819576,51358689.570906326
0.0018287477071869,51091058.73645364
0.0018296648324162,50824495.07862176
0.0018305819576454,50558995.81197411
0.0018314990828747,50294558.15574356
0.001832416208104,50031179.3123817
0.0018333333333333,49768856.50730173
